text,label,predicted_label,predicted_probability,prob_negative,prob_neutral,prob_positive
android marshmallow <number> . <number> . <number> won't let me log on the by existing account just keeps saying setting up bbm please fix,negative,negative,0.5721601843833923,0.5721602,0.37629536,0.05154448
map animation stopped working,negative,negative,0.8724196553230286,0.87241966,0.10797089,0.019609489
"good, but slow workflow.",positive,neutral,0.7014310956001282,0.018810406,0.7014311,0.27975845
nice app to use with friends,neutral,positive,0.8869056105613708,0.010999112,0.10209524,0.8869056
"i love this app, but i wish they had more outfit selections for maternity. other than that it's pretty awesome.",positive,positive,0.9049402475357056,0.0112583395,0.083801344,0.90494025
radar in motion won't work.,negative,negative,0.9637171030044556,0.9637171,0.025390482,0.010892365
only opened <number> st <number> th pages of <url>,negative,negative,0.8259367346763611,0.82593673,0.14543706,0.028626217
when i was being rained on it said no rain in your <url> it is still a good weather app.,neutral,neutral,0.5842923521995544,0.036860682,0.58429235,0.37884697
everthing is tought before its use,neutral,negative,0.4878954589366913,0.48789546,0.43936512,0.07273943
good content. worth downloading,neutral,positive,0.773269534111023,0.011345445,0.215385,0.77326953
"it's a great and fun app for emoji use, i like the customization. but there needs to be more clothing and style options. i feel like there needs to be styles with clothing and hair, such as punk, goth, rocker, traditional, futuristic, fairy, and many more. other than wanting more styles to choose from this app is great",positive,positive,0.8834149241447449,0.011035364,0.10554971,0.8834149
"wow, this is a terrible app. no open dialog or page goto. i had expected better from an actual adobe app.",negative,negative,0.962356448173523,0.96235645,0.02712692,0.010516641
i m fed of this <url> has posted it add every where,negative,neutral,0.41163331270217896,0.36897337,0.4116333,0.21939327
it is very usefull browser,positive,positive,0.8002482056617737,0.019213164,0.18053861,0.8002482
its a bit slow vs thinking office and also text anti aliasing is bad,neutral,neutral,0.8238207101821899,0.083917305,0.8238207,0.09226198
"it was great for me and the owner was very nice to us.,but the price change when i pay from <number> to <number>",neutral,positive,0.5611993074417114,0.025537025,0.41326365,0.5611993
provide some good <url> the only bad thing about this app is lack of good <url> hope you make it <url>,neutral,neutral,0.5288484692573547,0.019077584,0.52884847,0.45207393
problem with saving large photos plz fix ir,neutral,neutral,0.7344484925270081,0.18356846,0.7344485,0.08198309
its a good app but we dont have a night mode option for reading in which the background becomes black and text becomes white in color.,positive,neutral,0.7629903554916382,0.021634167,0.76299036,0.2153755
i hate the new version of bbm,negative,negative,0.9245749115943909,0.9245749,0.058480855,0.016944205
is an interesting app to use.,positive,positive,0.8886948823928833,0.011877124,0.099427976,0.8886949
"used to be great. now lots of issues with network. i keep getting no network errors, as failed to update errors even when signal is great, or i'm connected to my wi-fi at home.",neutral,negative,0.5945704579353333,0.59457046,0.37300292,0.032426585
it always has me in virginia and i live in florida,neutral,positive,0.5250207185745239,0.11735668,0.35762262,0.5250207
it is the very good ape to any one download,positive,positive,0.830064594745636,0.013400734,0.15653467,0.8300646
not up to the mark,neutral,neutral,0.6846505999565125,0.23445661,0.6846506,0.08089284
useless boring it's of no use now days just like mxit,negative,negative,0.9498035311698914,0.94980353,0.039913185,0.010283256
very easy to use,positive,positive,0.9099015593528748,0.012564858,0.07753355,0.90990156
worst upadate this update dont respond whenever i access my download section so hated it.,negative,negative,0.9658389687538147,0.96583897,0.02427151,0.0098894965
i have lots of state that i watch. my home town will not show what it feels like. all the others do. i have tried a few different things and it won't work. don't understand but it is important to me to know how cold it feels out. i can go to hourly and it tells me but should not have to! i'm uninstalling!,neutral,negative,0.9012506008148193,0.9012506,0.08224311,0.016506247
better and more accurate then most other weather apps.,positive,positive,0.9011327624320984,0.016911555,0.081955664,0.90113276
fun!!! just wish i could make one of my bf.,neutral,positive,0.9007583856582642,0.014291245,0.08495033,0.9007584
worthless does not open password protected pdf as stated,negative,negative,0.955072820186615,0.9550728,0.035651915,0.009275347
shoddy ui and keeps logging me out,negative,negative,0.5910131931304932,0.5910132,0.3752734,0.033713423
"very accurate, which is important! how about a <number> x <number> widget?",positive,positive,0.762546956539154,0.016120983,0.22133212,0.76254696
i like the set up.,positive,positive,0.8344961404800415,0.0144995,0.15100436,0.83449614
"looks interesting at initial install, however the advertisement photos and the camera lay out are different to my install on a samsung galaxy note <number> . missing too many features compared to the full pc. version, particularly tagging and indexing. camera is not as good as the original camera being on the dark side. a nice app. however adds not enough to warrant keeping. perhaps in the future updates. most notably is missing the side by side photo comparison which was the main reason for installation.",neutral,neutral,0.6785916090011597,0.02664354,0.6785916,0.2947649
nexus <number> and samsung s <number>,positive,negative,0.5041927099227905,0.5041927,0.38419092,0.11161636
"crashing. app crashes and freezes constantly. on htc one m <number> , and the app is completely broken.",negative,negative,0.9561451077461243,0.9561451,0.032470006,0.011384869
plz provide watermarking <url>,positive,positive,0.5917832255363464,0.05689257,0.35132417,0.5917832
u can download all movies in any language at movie <url> it okkk,neutral,neutral,0.7909106016159058,0.09441537,0.7909106,0.1146741
pls add more features for android like iphone features,neutral,positive,0.5557442903518677,0.039577723,0.40467796,0.5557443
nice app but when i taking picture with this app i have little problem here the range have limited only <number> - <number> meter even i set focus to infinity still can't get to it. i shoot with pro mode <url> you can fix that it will be <url>,neutral,positive,0.520410418510437,0.030960925,0.44862866,0.5204104
it's not a web browser. it's an ad browser,negative,negative,0.8819526433944702,0.88195264,0.09950189,0.018545467
a lot of a bug here,negative,negative,0.5081863403320312,0.50818634,0.43127993,0.060533695
shame forest starts again every day would be nice to build a huge forest like monthly or so,positive,neutral,0.5605840682983398,0.15254377,0.56058407,0.28687218
"this app is so fun! my friends and family love exchanging silly bitmojis in our texts. the only reason why i gave it <number> stars is because i wish there was a way for your to organize the bitmojis, so you can quickly access certain ones instead of having to scroll through them or search. also, the outfits are pretty awful. they need a little more fashion. lol however, the art and creativity in the bitmojis are terrific!",positive,positive,0.7699987292289734,0.019864954,0.21013631,0.7699987
i love it but we need video support!,neutral,positive,0.8020064234733582,0.022294907,0.17569865,0.8020064
the app is is good but,neutral,neutral,0.7565010786056519,0.035466585,0.7565011,0.20803234
it is taking forever to load. never had this issue before. just started a few weeks ago,neutral,negative,0.59812331199646,0.5981233,0.36456206,0.03731462
map stopped animating over a week ago on my samsung galaxy s <number> . please fix. used to be the <signature>,negative,negative,0.6844830513000488,0.68448305,0.27917454,0.036342356
"it definitely helps me stay focused and off my phone. the one complaint i have is that when i have my phone on silent/vibrate, when i plant a tree my phone goes into standard/sounds on mode. i don't like that at all, i have it on silent for a reason.",positive,positive,0.7600480914115906,0.01407024,0.22588173,0.7600481
one   for doing this nasty ios port,negative,neutral,0.5129554867744446,0.282352,0.5129555,0.20469251
unmounted my sd card,negative,negative,0.7142220139503479,0.714222,0.24284923,0.042928793
why can i not delete saved locations? and ive read thtough it many times and dont see anyway at all to delte previously saved locations!!? im going to have to uninstall the app and then reinstall it to reset this location deleting issue u have!?!???,neutral,negative,0.8509706854820251,0.8509707,0.12644865,0.022580639
"lacks capability to browse for local file. no goto page option, <number> page documents impossible to read. no 'bookmark' to save <url> apps avail",negative,negative,0.7995216846466064,0.7995217,0.18444614,0.016032133
bbm is easy to use and simple way for chating to my friends and <url> !,neutral,positive,0.8626278638839722,0.016519986,0.12085218,0.86262786
make it better please,positive,positive,0.5366904139518738,0.017615147,0.44569442,0.5366904
"i liked the game as well as the concept. it would be better if it gave a sort of buzzer when time was up, and if you could add some personalization.",positive,positive,0.7634755373001099,0.017715959,0.21880852,0.76347554
"useful app nice app for opening documents, no adverts,easy to use and doesn't need a lot of experience",positive,positive,0.8086801171302795,0.012147855,0.17917204,0.8086801
easy to book and great choice and information.,positive,positive,0.9351401329040527,0.012366147,0.052493688,0.93514013
never trust earth networks again,negative,negative,0.8988592028617859,0.8988592,0.07886985,0.022270985
what happened to the elite version i paid for?,negative,negative,0.9490622282028198,0.9490622,0.037550285,0.013387502
lots of problems with the map,neutral,neutral,0.7162987589836121,0.17216647,0.71629876,0.111534804
simple and easy to use,positive,positive,0.8472597002983093,0.015416873,0.13732338,0.8472597
"enjoyed the app until the <url> then the ticker quit <url> the pop up ads in the ticker are annoying. when you get all that shut off in settings, it works great!",positive,positive,0.64805006980896,0.026689334,0.32526052,0.64805007
radar does not work. will not stay on my home city.,negative,negative,0.9677402973175049,0.9677403,0.021764321,0.010495399
it would be nice if it was in different languages.,neutral,positive,0.541233479976654,0.014347702,0.44441885,0.5412335
some tools can be available and improved without having to open an account or sign in each time like with drive but in general is pretty useful and have good features also please create the bin icon instead of the <number> dots and once you choose a file you can't delete only if you go back,positive,positive,0.6343399286270142,0.020337312,0.3453228,0.6343399
"i love it! however, i do a lot of work on my phone and so i would like an option to run the app while using my phone, without it killing a tree!",positive,positive,0.8863533735275269,0.013385781,0.10026086,0.8863534
good app easy to use. the lens correction function doesn't seem to work though. but maybe i am unaware of how it's supposed to work.,positive,positive,0.5525628328323364,0.018349202,0.4290879,0.55256283
there should be feature by which we can see who saw my message in a group and who doesn't. like we have in what's app,positive,neutral,0.5612843632698059,0.028984701,0.56128436,0.40973097
"can we get this to, somehow, plant an actual tree? say, for a certain amount of trees grown succesfully a tree gets planted at some forest in need.",negative,neutral,0.5284547209739685,0.069476545,0.5284547,0.40206873
contains alot of ads,positive,neutral,0.6383631825447083,0.26015073,0.6383632,0.101486064
can't search area,negative,negative,0.779427707195282,0.7794277,0.2014273,0.019144967
good app for team communications,positive,positive,0.8259296417236328,0.012388613,0.16168171,0.82592964
stopped showing up in my status bar,neutral,negative,0.47098711133003235,0.4709871,0.43056735,0.098445565
use it for studying,positive,positive,0.8666720390319824,0.02302299,0.11030495,0.86667204
too much ads i dont want uc news stop showing me ads to download uc news,negative,negative,0.8363574743270874,0.8363575,0.14246339,0.021179114
installed this app on my zt <number> tablet but wont work annoying!,negative,negative,0.9282886981964111,0.9282887,0.059742164,0.011969218
the tree does not die no matter which app i <url> i have tried every setting possible but it doesnot <url>,negative,negative,0.7661756277084351,0.7661756,0.19808488,0.03573951
i love  this app,positive,positive,0.4770764112472534,0.18817759,0.33474594,0.4770764
need to have female and males,neutral,neutral,0.5832018256187439,0.29483303,0.5832018,0.121965185
add tick tick clock sound in it,positive,positive,0.8000909686088562,0.018022865,0.1818862,0.80009097
the radar won't work with samsung galaxy s <number> . so lame,negative,negative,0.9495462775230408,0.9495463,0.040001072,0.010452632
great app. and loads pdf docs faster than many other apps,positive,positive,0.9271983504295349,0.016171126,0.056630533,0.92719835
"fun app! wish i could draw some added details, but fun anyway.",positive,positive,0.8364942669868469,0.011422655,0.15208302,0.83649427
pretty cool app to have.,positive,positive,0.5683179497718811,0.016430724,0.41525137,0.56831795
"clumsy auto-import, but great overall",positive,neutral,0.7406920194625854,0.026601894,0.740692,0.23270616
useless without raw support,negative,negative,0.9602436423301697,0.96024364,0.02850741,0.011248934
tried to use it for my team at work but they just wanted to use the whatsapp groups they currently do which is basically the same thing.,neutral,negative,0.5531850457191467,0.55318505,0.37958673,0.067228206
i think this a smart browser but opera mini fast then uc but good effort by devolpers,positive,positive,0.5809594392776489,0.020225357,0.39881518,0.58095944
i am facing problem while using it needed to work on user interface its getting slow and hangs sometimes,neutral,negative,0.5140483379364014,0.51404834,0.44012877,0.045822874
"it's an ok app, compared to whatsapp and line messenger",neutral,neutral,0.7171118259429932,0.015516732,0.7171118,0.26737145
"won't open any .pdf files on my tmo vibrant (bionix <number> . <number> ), useless.",negative,negative,0.9667409062385559,0.9667409,0.02233645,0.010922614
can you fix the quality of display picture,positive,neutral,0.5397783517837524,0.0625499,0.53977835,0.39767176
can't move app to sd card,neutral,neutral,0.6553977131843567,0.28875372,0.6553977,0.055848546
good app but more facilities we exprcted,neutral,neutral,0.5780208110809326,0.02703621,0.5780208,0.394943
app works great. consider changing the red triangular notification to a solid red color in the notification bar in android. on my note <number> it appears as transparent in the notification bar at the top.,positive,positive,0.8491347432136536,0.017488377,0.13337685,0.84913474
plz update it it stick in the loading screen forever,negative,neutral,0.6331968307495117,0.18612067,0.63319683,0.18068251
i like it but i wish there were more things and i wish we could customize shirts and stuff,positive,positive,0.8849940299987793,0.011166922,0.10383901,0.88499403
my messages aren't going through to anyone. please fix immediately.,neutral,negative,0.5607057213783264,0.5607057,0.36356434,0.07572993
"i love it, but i'll select one to use and then it will show the new one sent, but a short time later, it will show that i resent an old one, not the one i just selected.",neutral,positive,0.7304558753967285,0.019100875,0.25044328,0.7304559
my radar has stopped working! i've never had a problem with it until today please fix!,negative,negative,0.9246336817741394,0.9246337,0.060263418,0.015102935
working properly for awhile and crashes later on,neutral,negative,0.6950048804283142,0.6950049,0.27318725,0.03180791
"a well-crafted, simple app",positive,positive,0.9127692580223083,0.011486279,0.075744405,0.91276926
it was okay at the start and got me focussed but my phone's screen timed out and locked and then my tree withered. please fix this,negative,neutral,0.7769335508346558,0.1003876,0.77693355,0.122678876
it's pretty useful!,positive,positive,0.7821345925331116,0.01181193,0.20605344,0.7821346
why can my friends get the bitmojis with two people but i can't? frustrated.,neutral,neutral,0.6846536993980408,0.22601609,0.6846537,0.08933023
remove obscene quotes and gestures,negative,negative,0.691532552242279,0.69153255,0.24263875,0.065828666
pretty good. app wish it let you face scan yourself.,positive,positive,0.8333048224449158,0.011260557,0.15543464,0.8333048
very good but crashes often,neutral,neutral,0.5211899876594543,0.034755975,0.52119,0.44405407
"lacking lens correction and blur features, otherwise i'd love it. please consider adding these, otherwise i'll have to use photo mate r <number> , cause while it doesn't have blur feature's it has great lens correction features so i can get my chromatic aberration effect : <number>",positive,positive,0.5440033674240112,0.029011788,0.42698482,0.54400337
the animation stopped working please fix!,negative,negative,0.8912767767906189,0.8912768,0.0905295,0.018193658
goood one no one can see images unless u do hd,positive,negative,0.7893424034118652,0.7893424,0.18010329,0.03055431
the app lags and consume lots of space.,negative,negative,0.5393644571304321,0.53936446,0.41372705,0.046908505
"great app, using for an <url> but, could it be upgraded with the feature 'desktop mode' ?",positive,positive,0.739498496055603,0.025047313,0.23545422,0.7394985
it was good before,neutral,neutral,0.7056587934494019,0.17671207,0.7056588,0.117629156
i like the old spark better it was more accurate cuz it told you exactly how many miles away the lightning was now you gotta zoom in on the map just to see in a round about ways of where the lightning <url>,neutral,neutral,0.49908447265625,0.04408977,0.49908447,0.4568257
"i really like it, but for a while now it hasn't been making my tree die when i touch my phone. also, after completing a set amount of time there's another number underneath my tree. i can't figure out what this means.",positive,positive,0.5106861591339111,0.042856164,0.4464577,0.51068616
annoying buttons below the chat text box.,neutral,neutral,0.6928476095199585,0.21748678,0.6928476,0.08966565
i like this app for esuy to watch movie,positive,positive,0.8601948618888855,0.022384377,0.117420785,0.86019486
"aaa please tell me why it doesnt show my cherry blossom <url> i just unlocked it with <number> coins, and i cant find it to grow it. arghh its frustrating.",neutral,negative,0.585434079170227,0.5854341,0.37554657,0.03901926
needs to save where you last left off thats all it needs <number> stars when it updates,neutral,neutral,0.4804663360118866,0.4546104,0.48046634,0.064923264
the app draws the mobile addict in you and plays with his/her psyche.,positive,positive,0.6614790558815002,0.09093457,0.24758638,0.66147906
it is helpful for fast downloading,positive,positive,0.8727216124534607,0.009569445,0.1177089,0.8727216
hard to access emojis/sticker,positive,negative,0.5857445597648621,0.58574456,0.38024765,0.03400779
why this app has become so big? earlier it used to be only <number> mbs now its <number> . please reduce the size. <signature>,neutral,neutral,0.6038359999656677,0.26382542,0.603836,0.13233861
directions make no sense,negative,negative,0.684260904788971,0.6842609,0.27585477,0.03988436
great app for photography but,neutral,positive,0.8199732899665833,0.017568447,0.1624583,0.8199733
why can't they fix these issues,neutral,negative,0.5465794205665588,0.5465794,0.3591872,0.09423344
not working with whats app,negative,negative,0.9434084892272949,0.9434085,0.046213266,0.010378196
you have to put the search option in the app,positive,neutral,0.5825093984603882,0.25544897,0.5825094,0.16204165
"its very usefull, also good <url> !!!",positive,positive,0.8611588478088379,0.012269042,0.12657206,0.86115885
"its good. but the problem is whenever i charge my phone, and the forest app has been running, the moment the charging the moment the tree died. and i do not get a single coin. lol is not my fault that the tree died, but what i got-o coins and a dead tree.",neutral,neutral,0.7731646299362183,0.022389848,0.77316463,0.20444559
tel me what to do,positive,neutral,0.47958219051361084,0.43801656,0.4795822,0.08240124
some websites say i don't have adobe even though i have this loaded.,neutral,neutral,0.50409996509552,0.40761673,0.50409997,0.08828325
it is easy to find your distination but there is always a less price,neutral,neutral,0.5071727633476257,0.024736293,0.50717276,0.46809092
i havent many friends here,positive,negative,0.573713481426239,0.5737135,0.37726513,0.04902142
"would like updates on the sun over a <number> hour loop, as well as wind maps, water temps. but one of the <signature>",positive,positive,0.6818516254425049,0.013898639,0.30424967,0.6818516
where are the local adjustments?,positive,neutral,0.6842750906944275,0.093189426,0.6842751,0.22253548
very easy to <url>,neutral,positive,0.8769737482070923,0.014600171,0.10842614,0.87697375
easy to use very good deal.,positive,positive,0.9241741895675659,0.010867781,0.06495806,0.9241742
this app doesnt want to sign me up,neutral,negative,0.9679924249649048,0.9679924,0.023270344,0.008737268
always showing install even it has already installed,positive,positive,0.5663146376609802,0.073670395,0.36001498,0.56631464
the zooming feature is slow and consequently difficult to use.,neutral,neutral,0.762475848197937,0.15670452,0.76247585,0.08081967
great tool for on the go!,positive,positive,0.9008213877677917,0.012585028,0.086593635,0.9008214
raw format not supported,neutral,neutral,0.6079114675521851,0.30346444,0.60791147,0.08862413
"it's a cool thing to have, but it won't sync up with the mozilla addon",positive,neutral,0.7749655246734619,0.020626662,0.7749655,0.20440781
great app but keeps crashing,neutral,positive,0.5302922129631042,0.042272452,0.42743537,0.5302922
"bbm is good ,hate the adverts",positive,neutral,0.6628021597862244,0.13262528,0.66280216,0.20457259
how about a tablet ui?,neutral,neutral,0.6461625695228577,0.11572439,0.64616257,0.23811305
prefer the website more,neutral,neutral,0.5248430967330933,0.12102547,0.5248431,0.35413143
"good design. hope the plant real trees is a true story! also, why the highest ranking people are mostly asian? should expand your customers",positive,positive,0.8109605312347412,0.01420322,0.17483622,0.81096053
"i am not disappointed, but pixlr is still a way better software.",neutral,neutral,0.6925556659698486,0.083587766,0.69255567,0.22385661
"i love playing with bitmojis. the clothes in the personalization could use some updating, though. very little are things i'd ever actually wear. it would also be nice to add friends directly on the app to interact with their own bitmojis outside of snapchat.",positive,positive,0.8672277927398682,0.012852254,0.11991993,0.8672278
i love it. i just wish i could delete images that i find offensive and would never use.,positive,positive,0.9088438749313354,0.016244518,0.07491159,0.9088439
i think in the new update they let you color customize any hair style and let you put cuts in your eyebrows.,positive,positive,0.8685968518257141,0.018610725,0.11279242,0.86859685
automatically resizes with no way to change!!,negative,negative,0.9183381199836731,0.9183381,0.06475801,0.016903883
don't like the new update,positive,neutral,0.5968390703201294,0.33968067,0.5968391,0.063480295
i like my bbm now . <signature>,positive,positive,0.868075966835022,0.021334767,0.11058926,0.86807597
no more trees since update. just shrubs :'(,positive,neutral,0.555094838142395,0.34494597,0.55509484,0.099959195
would not updated on my phone and i tried like <number> times,negative,neutral,0.6938316226005554,0.13787235,0.6938316,0.16829607
"needs more body shapes and sizes, as well as face lines around nose/cheeks",positive,neutral,0.7227660417556763,0.046848036,0.72276604,0.2303859
took away floating head in txt,negative,negative,0.8075152635574341,0.80751526,0.16442463,0.0280601
stopped working on my phone since the last update. will bring rating up when the problem is fixed.,negative,negative,0.7957202196121216,0.7957202,0.18287623,0.021403572
works well. most of my pdf files require me to enter a username and password. this app will not allow me to. any chance of adding that?,neutral,neutral,0.6665389537811279,0.027278896,0.66653895,0.30618212
"it's <url> ,add select area <url> mean make selection by <url>",neutral,positive,0.6114205718040466,0.03273814,0.35584128,0.6114206
app doesn't always work. temp won't show in n status bar. doesn't keep track of moving locations,neutral,negative,0.70826256275177,0.70826256,0.27162558,0.020111848
i hate this update,negative,negative,0.9529575705528259,0.9529576,0.035801344,0.011241065
new updates are beyond worse,negative,negative,0.4236052930355072,0.4236053,0.4181991,0.15819564
where is wbug elite i paid for???,negative,negative,0.9542242288589478,0.9542242,0.034763724,0.0110120205
make the time lapse between editing each feature shorter,positive,neutral,0.6528254151344299,0.07570899,0.6528254,0.2714656
add one more feature,positive,positive,0.7041096091270447,0.021260759,0.27462962,0.7041096
the app was useful but avg virus scanner said it contains malware so i'm uninstalling to be safe,negative,neutral,0.7590194940567017,0.12663548,0.7590195,0.114345014
i couldn't open it.,negative,negative,0.9553102254867554,0.9553102,0.03406132,0.010628429
i think that uc is very nice,neutral,positive,0.7705535292625427,0.015590515,0.21385597,0.7705535
mis the original bbm,negative,negative,0.7466997504234314,0.74669975,0.21689971,0.036400575
new ui tanks usability,negative,positive,0.5212779641151428,0.05285189,0.42587015,0.52127796
this app is so good,positive,positive,0.5466508865356445,0.032218963,0.42113018,0.5466509
doesn't work on my htc droid eris!! can't open pdf attached emails. uninstalling!!,negative,negative,0.9667646288871765,0.9667646,0.023545457,0.009689891
it's very good app for android mobile s,positive,positive,0.8424009084701538,0.011771119,0.14582802,0.8424009
temp is all wrong,neutral,negative,0.8201820850372314,0.8201821,0.15100418,0.028813818
id's easy to use and very helpful,positive,positive,0.9011957049369812,0.010179802,0.08862451,0.9011957
"it seems everytime we're about to get severe weather, the app stops working. radar doesn't work, storm tracking doesn't <url> most critical time for something to work is during or before a storm, such as we're supposed to get today. this app works great on bright, sunny <url> 't depend on it if a storm is brewing though. it will quit working on you.",neutral,neutral,0.6941791772842407,0.08894446,0.6941792,0.2168763
i guess its just the world i live in???,negative,neutral,0.5012962222099304,0.043910705,0.5012962,0.45479313
just an idea. when editing/creating my bitmoji i think it'd be neat to have the option to mix and match parts of different outfits together or even change colours of parts.,positive,positive,0.6114470958709717,0.032086756,0.3564661,0.6114471
app is good. no weather forecast is <url> very vague predictions.,positive,neutral,0.8020803332328796,0.0433406,0.80208033,0.15457912
cannot attach pictures to reviews,neutral,neutral,0.512865424156189,0.43600926,0.5128654,0.051125288
great weather app! easy to use and quick to load. only wish it was easy to find a forecast video on it.,positive,positive,0.9180248379707336,0.011723589,0.07025152,0.91802484
issue on local wifi,neutral,neutral,0.5701233744621277,0.318479,0.5701234,0.111397624
i dont like this app,negative,negative,0.6764071583747864,0.67640716,0.28320193,0.040390827
on the right track,positive,positive,0.5187240242958069,0.044992857,0.43628308,0.518724
best app for browsing,positive,positive,0.8182920217514038,0.014894758,0.16681322,0.818292
needs a dark mode for the notification bar. hate the bright white glaring at me.,positive,neutral,0.6897908449172974,0.22881721,0.68979084,0.08139196
"good app, but it doesn't support gif in android",positive,neutral,0.7926468849182129,0.03185489,0.7926469,0.1754983
<salutation> i tried to sign in and i gave my email and password and from u a email also came but what next to <url> tried to click check again and continue but nothing happened,positive,negative,0.5888041257858276,0.5888041,0.35669556,0.054500278
been using for several months now as a communication tool for various members of a nonprofit organization. it's only downfall that i can see are the occasional missed update alert and that there is no notification badge on the icon.,positive,neutral,0.5522241592407227,0.120350294,0.55222416,0.32742557
works for what i need,positive,positive,0.8854347467422485,0.019982308,0.09458292,0.88543475
it's saying it's not up to date so i can't view my file. -htc evo,neutral,neutral,0.5743294358253479,0.35885045,0.57432944,0.06682011
when you know how to use it it's pretty fun and useful same with adobe photoshop touch i have a ton of fun with that but you just have to know how to use it or it will not be fun that's why people are reading it for star i read it <number> stars i love it but only because i know how to use it,positive,positive,0.7822397351264954,0.022690373,0.1950699,0.78223974
best app ever ( my opinion),negative,positive,0.8877967000007629,0.01638373,0.095819555,0.8877967
doesn't tie your account to gmail - so every new phone (or reflash) you have to retype <url>,negative,negative,0.85163414478302,0.85163414,0.13246118,0.0159047
great application for team collaboration,positive,positive,0.933599591255188,0.014485089,0.0519153,0.9335996
"crash easily,make my phone <url> its a great <url> u!",positive,positive,0.48556819558143616,0.067562945,0.44686893,0.4855682
the menu bar above keyboard is annoying,positive,neutral,0.6930907964706421,0.22154488,0.6930908,0.085364394
it's an essential tool.,positive,positive,0.9214929342269897,0.0125473235,0.06595979,0.92149293
this bbm doesnt work properly with the samsung notebook <number> . it is always showing limited bbm access. pls fix this,neutral,negative,0.7228682041168213,0.7228682,0.24660835,0.030523473
"unless i open the app, i get no notifications even when my name is mentioned",negative,negative,0.6586984395980835,0.65869844,0.29910567,0.042195916
it's good app but need more apps related chat process,positive,positive,0.5427583456039429,0.013647555,0.44359407,0.54275835
"doesn't open all pdfs. i do a lot of work dealing with architectural plans. this does not render all of the pdfs (some open fine, others open blank).",negative,negative,0.6830732822418213,0.6830733,0.2950809,0.021845756
quick way to book a motel when you need too,neutral,positive,0.6327788233757019,0.018834297,0.34838688,0.6327788
can get out of the app by home button and use your <url> timer runs in the <url>,neutral,neutral,0.716561496257782,0.14839198,0.7165615,0.13504656
"honestly a joke compared to the desktop version of lightroom. i have one of the most powerful phones in existence and this app can't even scroll without lagging. i reinstalled today, <number> months later to find not only has nothing changed but my trial has expired and i now need to pay to use a laggy gimped version of software i already own.",negative,negative,0.5711146593093872,0.57111466,0.34532773,0.083557606
better for <url> !!!! you will try <url> !!!!,neutral,neutral,0.5910936594009399,0.12198573,0.59109366,0.2869206
backup feature was awesome,positive,positive,0.6053434014320374,0.046478268,0.34817836,0.6053434
amazing to use this one like superb,positive,positive,0.9163469076156616,0.013924136,0.06972898,0.9163469
i can't post on any website.,neutral,negative,0.845122754573822,0.84512275,0.1385507,0.016326599
want some other features,neutral,neutral,0.6210381984710693,0.028704507,0.6210382,0.35025728
this app is not user friendly,neutral,negative,0.8557747602462769,0.85577476,0.12722915,0.016996156
force closes <number> / <number> !,negative,negative,0.8992337584495544,0.89923376,0.0755767,0.025189573
what a waste of this apps effort the image meta data are always show false info when export image to gallery,negative,negative,0.9541313052177429,0.9541313,0.035105955,0.010762775
it's a nic app n helpful <url>,positive,positive,0.794352650642395,0.011909008,0.1937383,0.79435265
how to change time ??,neutral,neutral,0.5988063216209412,0.20183064,0.5988063,0.19936302
it's ok but this new version is not so impressive,neutral,neutral,0.823188066482544,0.021049278,0.82318807,0.15576273
this is a good movie downloader,positive,positive,0.6928384304046631,0.018013723,0.2891478,0.69283843
want my old avatar can't find it,negative,negative,0.7399278283119202,0.7399278,0.22465172,0.035420507
best of pdf file app,positive,positive,0.832040011882782,0.022850234,0.14510976,0.83204
i would have gave <number> stars if y'all had more cute outfits for the girls to wear that is seasonal appropriate,positive,positive,0.7330907583236694,0.0329045,0.23400474,0.73309076
was ok but i can easily use other apps when i press home,negative,neutral,0.806745707988739,0.045829166,0.8067457,0.14742517
"useless. can't log in using the app at all. deleted and reinstalled several times, still no luck.",negative,negative,0.9666255116462708,0.9666255,0.021995468,0.011379052
"easy to use, but if i plant a tree to grow and then leave the app it doesn't die. don't know if that's a bug in the app, but knowibg it won't die once i exit the app gives me no reason to stay focused",positive,neutral,0.7659137845039368,0.09562062,0.7659138,0.13846555
cuts down on paper usage.,positive,negative,0.676350474357605,0.6763505,0.29430434,0.029345216
<salutation> then dropped it. and now the radar animation doesn't work.,negative,negative,0.963006854057312,0.96300685,0.025818557,0.011174569
"good idea, but too slow on android. much better on desktop.",negative,neutral,0.7891882658004761,0.052370332,0.78918827,0.15844142
"like everything about it, except that the radar animation is a little clunky.",positive,neutral,0.6813458800315857,0.027417408,0.6813459,0.2912367
it's the king when it comes on downloading from internet i really appreciate it,positive,positive,0.8667516708374023,0.024873247,0.10837508,0.8667517
"i'm using uc browser from many years and its was amazing but from the last update i got, it get <url> everytime i open new site, it shows an error everytime. please fix this.",neutral,neutral,0.6001985669136047,0.28217024,0.60019857,0.11763119
cant install this app on my s <number> . error cant install in default location,negative,negative,0.9602912664413452,0.96029127,0.031576935,0.008131727
needs to include precipitation estimates,neutral,neutral,0.7962799668312073,0.046905883,0.79627997,0.15681408
new version is a step back,negative,neutral,0.4687610864639282,0.31715164,0.4687611,0.21408723
great but watch little bug,neutral,positive,0.8498730063438416,0.015006266,0.1351207,0.849873
i love this app.,positive,positive,0.7022501230239868,0.082068264,0.21568164,0.7022501
"love the idea, and as long as i didn't touch my phone notifications and such didn't ruin my progress. however if i try to exit out of the app (to use whitelisted apps like my calculator) then it 'killed' my trees.",neutral,neutral,0.6005386710166931,0.15627295,0.6005387,0.24318841
"my mom found this before i did! i'm <number> and even i like it. lol great for all ages. you can make it look just like you to every detail, many clothes and accessory choices, and when you want to send a text to somebody they basically have everything you might want to say to somebody in a text or to reply back to somebody in a text message. plus cute little emojis of yourself doing things.",positive,positive,0.9182668924331665,0.012020356,0.06971272,0.9182669
ads ads ads everywhere,neutral,negative,0.9182378649711609,0.91823786,0.06731123,0.0144508965
has gotten a bit better since last review. i really like the lightning strike display. helps me with my lightning photos,neutral,positive,0.9162008166313171,0.013378248,0.07042102,0.9162008
i really enjoy it,positive,positive,0.8607584834098816,0.020172196,0.11906932,0.8607585
i rely on accurate radar as i work outside everyday on a golf course. the daily and the hourly forecast constantly contradict each other though now and it's hard to figure out what the actual weather will be so i can only really rely on radar.,positive,positive,0.763723611831665,0.026822673,0.20945375,0.7637236
"i enjoyed it, but the app deleted all of my purchases, such as trees and sounds",neutral,neutral,0.7141359448432922,0.086199954,0.71413594,0.19966404
so far it's good,positive,neutral,0.5156832337379456,0.013851478,0.51568323,0.4704653
would like some custom messages when trees are planted,positive,positive,0.6669942736625671,0.01931254,0.31369317,0.6669943
used to be good,negative,negative,0.8540948033332825,0.8540948,0.12640467,0.019500496
make category select bradcast message!,neutral,neutral,0.5604580044746399,0.15364811,0.560458,0.28589395
causes allot of problems will change dates etc when making a booking. prob better off staying with web page.,negative,neutral,0.6044278740882874,0.33073646,0.6044279,0.06483572
reflow feature quirky. can't somehow help feeling suspicious it is bugridden inside.,negative,neutral,0.7660182118415833,0.15720944,0.7660182,0.07677231
i don't <url> i can't understand this appp,neutral,negative,0.8269433975219727,0.8269434,0.14872305,0.024333477
crashes on galaxy s,negative,negative,0.8426936864852905,0.8426937,0.1351913,0.022115009
force closes all the time. from a company with a good to great rep. i had expected better,negative,neutral,0.5141829252243042,0.290318,0.5141829,0.19549912
great <url> ruined with ads,neutral,negative,0.947575032711029,0.94757503,0.037920967,0.014504023
worst experience at hotel,negative,negative,0.9613265991210938,0.9613266,0.028475225,0.010198146
heating and battery problem,neutral,neutral,0.5044087767601013,0.43856263,0.5044088,0.057028625
fed up with advertisements. oh my gosh. cannot tolerate this application anymore,negative,negative,0.9449388980865479,0.9449389,0.045251887,0.009809294
this is the fastest app searching mode,positive,positive,0.7901875972747803,0.025207836,0.18460461,0.7901876
"nice app for managing ongoing projects, teams, groups.",positive,positive,0.9349449276924133,0.011762318,0.05329282,0.9349449
is not allways up to date with current weather.,positive,neutral,0.7831664085388184,0.10815754,0.7831664,0.10867609
realy superrrr <url> saver app,positive,neutral,0.5274932384490967,0.12829566,0.52749324,0.34421113
<number> day trial? and then creative cloud?,negative,negative,0.7817957401275635,0.78179574,0.16381699,0.054387238
the print button keeps shutting itself down,positive,neutral,0.4783206582069397,0.45893425,0.47832066,0.06274516
average performance in download,neutral,neutral,0.7676687836647034,0.07631688,0.7676688,0.15601437
animation on radar stopped,negative,negative,0.9313133955001831,0.9313134,0.05306041,0.015626183
"so far so good. surfing is made enjoyably interesting, thumb ups.",positive,positive,0.8828311562538147,0.011381814,0.10578701,0.88283116
bbm sucks on my galaxy s <number> mini .,negative,negative,0.9547117352485657,0.95471174,0.034978364,0.010309887
what did i download?,negative,negative,0.825334906578064,0.8253349,0.14896365,0.025701465
my favourite editing apl,positive,positive,0.902641236782074,0.017658645,0.07970006,0.90264124
so easy to use and appropriate advice,positive,positive,0.9262755513191223,0.011864849,0.06185956,0.92627555
doesn't work properly.,negative,negative,0.9565983414649963,0.95659834,0.034128405,0.009273287
"generally good, sometimes price filter doesn't work well.",positive,positive,0.5766458511352539,0.014209416,0.40914476,0.57664585
love this app pretty accurate,positive,positive,0.9022302031517029,0.015830139,0.081939645,0.9022302
as much as <number> degrees off!,negative,neutral,0.4897999167442322,0.19087714,0.48979992,0.31932297
used to be good,negative,negative,0.8540948629379272,0.85409486,0.12640458,0.019500474
"this app helps me be productive, but since the update, i can't plant the trees i had previously bought.",positive,neutral,0.5801839828491211,0.0315673,0.580184,0.3882487
dell streak:force close sometimes. blank pages sometimes. need bookmark feature and ability to continue from last read page.,neutral,neutral,0.6992754936218262,0.24439622,0.6992755,0.056328297
"if your in a hurry, i'd recomed calling, it takes a wile to fill out the information.",neutral,neutral,0.7240269780158997,0.113321885,0.724027,0.16265115
good but not good as web version,positive,neutral,0.819820761680603,0.062977694,0.81982076,0.11720153
problems working over wi-fi,negative,neutral,0.6189419627189636,0.329286,0.61894196,0.05177202
it's ads all the way,negative,negative,0.49645110964775085,0.4964511,0.43883687,0.06471204
no password support <url>,negative,negative,0.8770628571510315,0.87706286,0.10730273,0.015634395
"good, but not perfect",neutral,neutral,0.7704461812973022,0.026044698,0.7704462,0.20350918
i wish it would work offline,positive,neutral,0.5305854082107544,0.02163692,0.5305854,0.4477777
cloud based apps do not work for me. with pathetic network services in our region it becomes frustrating to use. pity. will have to uninstall,negative,negative,0.9543370008468628,0.954337,0.035971053,0.009691923
"so disappointed with this app! why would you delete an entire account without any warnings? see i'm not mad that you deleted my account because i had iran's ip address, i'm mad because you didn't even bothered to give me a chance to take back up of my files! do you understand how unprofessional this is? so disappointed!",negative,negative,0.9195957779884338,0.9195958,0.068329185,0.012074959
this app is good,positive,positive,0.6289499998092651,0.020957593,0.3500924,0.62895
"slow, laggy performance. thinkfree office opens my pdfs and allows smooth transitions and zooming.",negative,neutral,0.7099434733390808,0.24729295,0.7099435,0.04276361
since the update the radar doesn't work <url>,negative,negative,0.8931342363357544,0.89313424,0.089629985,0.017235765
"like the app, but could you please remove the external storage permission when i want to take a picture? i don't like granting apps dangerous permissions and i know you don't need it if you use the file provider api. <signature>",negative,neutral,0.6738089323043823,0.09629582,0.67380893,0.22989528
there is no print option i can find.,neutral,negative,0.4817761778831482,0.48177618,0.46824723,0.049976613
<url> the picture size on bbm group is too small sometime not clear. also incoming bbm call is not detected or not showed in galaxy gear s <number>,positive,neutral,0.6731913089752197,0.17326254,0.6731913,0.15354615
got stuck on trying to confirm my booking and i lost the accommodation. after that force crash. uninstall. htc desire,negative,negative,0.9472792744636536,0.9472793,0.042104177,0.01061661
please fix the radar,negative,negative,0.696545422077179,0.6965454,0.24130413,0.062150475
"good adjustment, bad storage",neutral,neutral,0.7951280474662781,0.11563627,0.79512805,0.08923564
coming from adobe this is absolute garbage. fails to open pdf files. it was only <number> kb. garbage.,negative,negative,0.9687845706939697,0.9687846,0.0220959,0.0091194725
after i updated the new bbm version always getting <url> sometime the messages pending without ceklis my friend send in the morning but the messages coming after <number> or <number> hour <url> i saw on the messages the time when he send me a messages and this made my planning <url> should i didn't upgraded <url>,negative,neutral,0.6498129367828369,0.20374356,0.64981294,0.14644347
new update ruined the app,negative,negative,0.9647355079650879,0.9647355,0.024699748,0.010564742
a widget would be nice,positive,neutral,0.6835477948188782,0.021469817,0.6835478,0.29498237
there are ads now?,neutral,negative,0.5042435526847839,0.50424355,0.41902804,0.07672845
difficult when on vacation,positive,neutral,0.759854257106781,0.074058495,0.75985426,0.16608725
notifications are bonkers. (will give <number> once fixed),negative,negative,0.4692957401275635,0.46929574,0.4604314,0.07027292
can't add new locations,neutral,neutral,0.6045591831207275,0.31812647,0.6045592,0.07731443
nice tool for inter-team communication,positive,positive,0.9282023906707764,0.011165186,0.060632437,0.9282024
it's download video very fast and all other thing,positive,positive,0.8901818990707397,0.01321811,0.096599914,0.8901819
"veru useful app only when used with its <number> rd-party integrations, yet flock is much better alternative for having more free features.",positive,neutral,0.580497682094574,0.048854034,0.5804977,0.3706483
doesn't <url> i'll go on other apps and the tree still <url> little i inventive to actually stay off the phone,negative,negative,0.6881098747253418,0.6881099,0.28368425,0.028205857
"when ever i update app,it won't work and i lost my all data many times",negative,negative,0.9309538006782532,0.9309538,0.0549748,0.014071369
doesn't work much! where's the <number> version???,negative,negative,0.9306913614273071,0.93069136,0.05940036,0.009908236
nice app fast downloading,positive,positive,0.8885538578033447,0.009680012,0.101766065,0.88855386
"the app is great, it's fun and helpful, tho when you click the home button, it doesn't die. you could fix that",positive,positive,0.8138565421104431,0.01551719,0.1706263,0.81385654
"easy to use, always <url> when you book thrue them, they will charge you too much.",neutral,positive,0.834574818611145,0.013922593,0.15150261,0.8345748
there is no jump to page option so you have to flip through every single page! its a big waste of time.,negative,negative,0.9587101936340332,0.9587102,0.03106723,0.010222511
great and easy to use,positive,positive,0.9252613186836243,0.017312078,0.057426617,0.9252613
"cloud subscription, no <signature>",negative,negative,0.9511740803718567,0.9511741,0.03836514,0.01046082
great app to focus!,positive,positive,0.9094565510749817,0.014888466,0.075655,0.90945655
pay when you arrive. err no,neutral,negative,0.8986116647720337,0.89861166,0.08296012,0.018428257
great apps for great team,positive,positive,0.920125424861908,0.017871205,0.0620033,0.9201254
i like the appl because it connect me to a lot of people in my office,positive,positive,0.8994826078414917,0.0142232105,0.086294144,0.8994826
can't open my bbm after updated,negative,negative,0.9199063181877136,0.9199063,0.067201376,0.012892294
cannot use for flash <url>,neutral,negative,0.8713890314102173,0.87138903,0.11230328,0.016307676
won't work with my text messages and have to start a new conversation to use it in messenger,neutral,negative,0.9436755180358887,0.9436755,0.045867942,0.010456502
it crashes every time,positive,negative,0.9334965348243713,0.93349653,0.0527163,0.013787219
great app for group family communication across multiple types of devices and countries,positive,positive,0.936198890209198,0.016084353,0.04771674,0.9361989
it was great radar sucks now,negative,negative,0.9585368037223816,0.9585368,0.030292947,0.011170253
missing a tablet version,neutral,neutral,0.655964732170105,0.19553727,0.65596473,0.14849801
the browser is used very fast connecting browser,positive,positive,0.7157600522041321,0.04834482,0.23589514,0.71576005
i want a etc wallet that's all i want to invest <url>,negative,neutral,0.5574063062667847,0.22524618,0.5574063,0.21734755
not so much but good,positive,neutral,0.7939592003822327,0.026962258,0.7939592,0.17907849
well the app is kinda <url>,positive,neutral,0.6769148707389832,0.03604302,0.6769149,0.2870421
the program is very slow and can be unresponsive. there is no bookmake setting. pages take a very long time to load even when zooming in and out.,negative,neutral,0.6551167368888855,0.30219063,0.65511674,0.042692635
totally invasive and inappropriate for development. it kept people talking for every detail for hours. kill innovation and efficiency. cannot replace skype so another chat cheater. a waist of time in communication. one good point if you can make your competitors to use it. they will collapse.,negative,negative,0.9617178440093994,0.96171784,0.027906194,0.0103760585
i love it. but i think it would be better to add angle correction as well is needed sometimes and i don't like having to use other apps to do this.,neutral,positive,0.8248904347419739,0.01441988,0.1606897,0.82489043
the emoticon not <url> :'(,neutral,neutral,0.5901817083358765,0.25799045,0.5901817,0.15182777
good app. had full version but they took it away. would like it back. radar not working. layers are not working. must be a weather bug.,neutral,negative,0.5828347206115723,0.5828347,0.3744122,0.042753134
can't import my booking? what's the point of getting this app? anyone?,negative,negative,0.9281988143920898,0.9281988,0.05941755,0.012383575
"the app sometimes gets stuck on a certain temperature and you have to actually click on the app to get the correct temperature to pop up, but at least with this app i can actually get the <number> -day and hourly forecast pages to load which is something i can't get with accuweather. so i guess what i'm saying is it's probably the <signature>",positive,neutral,0.527978241443634,0.050177544,0.52797824,0.42184424
"great, but occasionally crashes",positive,positive,0.6845963597297668,0.026759269,0.28864434,0.68459636
"crap, takes ages to loads and lags on all docs, standard pdf viewer much better",negative,negative,0.922953724861145,0.9229537,0.06493747,0.0121089015
it stops working frequently,neutral,negative,0.5290216207504272,0.5290216,0.42493886,0.046039492
like it more than most weather apps i've tried. would recommend!,positive,positive,0.91457599401474,0.011060208,0.074363805,0.914576
stupid trees. too much green. too cute. memory hog. deleted it.,negative,negative,0.9624388217926025,0.9624388,0.028377712,0.009183488
plz add readout loud feature in application,positive,positive,0.6905831098556519,0.033156727,0.27626017,0.6905831
"give error, stuck onopening",negative,negative,0.8264904022216797,0.8264904,0.15242676,0.02108285
the radar map only shows past not current,neutral,negative,0.7624989748001099,0.762499,0.20602682,0.031474132
"the worst, the most bugged app that i've ever seen in my life! always crashing for no reason!",negative,negative,0.9632193446159363,0.96321934,0.025612496,0.01116816
this does not work with my phone i exited the app for ages and my tree still grew.,negative,negative,0.965908944606781,0.96590894,0.024704343,0.009386772
the application is too slow. sometimes it just wont select the options.,neutral,neutral,0.8008745908737183,0.12548847,0.8008746,0.07363696
useless doesn't open email attachments on lg optimus,negative,negative,0.96180659532547,0.9618066,0.029237445,0.00895593
its a very good app,positive,positive,0.8292415142059326,0.0115337465,0.15922472,0.8292415
good up to date service,neutral,positive,0.5589863657951355,0.016970865,0.42404282,0.55898637
luv it but u should allow us <number> make more than one character then i'll give u <number>  's,neutral,neutral,0.6833599209785461,0.03744262,0.6833599,0.27919745
"app does what it has to do, but would it be possible to implement a harder way to cancel the growth of your tree? now it takes about <number> seconds. you could make another cancel button which you have to press for <number> minute without releasing it to unlock your phone. gives you time to think if you really need to unlock it. <signature>",neutral,neutral,0.713714063167572,0.047616087,0.71371406,0.23866983
need full raw hdr for lg v <number> !!!,neutral,neutral,0.7556537985801697,0.08347395,0.7556538,0.16087222
it wont even let me log in!!!,negative,negative,0.9675469398498535,0.96754694,0.021755856,0.010697141
wouldn't search any locations.,negative,negative,0.9398684501647949,0.93986845,0.04904313,0.011088402
new version is not intuitive.,negative,neutral,0.480817973613739,0.45638782,0.48081797,0.06279424
image previews don't work,positive,negative,0.6194344758987427,0.6194345,0.34052935,0.040036224
"its great, just too many ads",positive,positive,0.8302077054977417,0.019299798,0.15049249,0.8302077
radar has stopped working,negative,negative,0.9410005807876587,0.9410006,0.046189014,0.012810428
has been treating me well for years,positive,positive,0.7468145489692688,0.036303025,0.21688241,0.74681455
animated radar not working,negative,negative,0.9505531787872314,0.9505532,0.038263075,0.011183692
problems with internet connection s <number> edge,neutral,neutral,0.5840597152709961,0.35967255,0.5840597,0.05626775
"another login and account needed, mediocre editing",negative,negative,0.526638925075531,0.5266389,0.42699006,0.04637097
i need a tab for news language i don't want it to be default for the place i live in my native language may be different. please look into it,positive,neutral,0.5848870873451233,0.059936985,0.5848871,0.35517594
"idea is nice, <url>",neutral,neutral,0.7075482606887817,0.031916674,0.70754826,0.26053506
useless and hang in itself,negative,negative,0.9615649580955505,0.96156496,0.026371248,0.01206382
lagging on nvidia shield tablet,neutral,neutral,0.6675458550453186,0.25385085,0.66754586,0.07860335
less taps &gt; more taps is not always true! this update clutters up the mobile app and looks horrible! bring back the drop down menu.,positive,negative,0.9200475215911865,0.9200475,0.06431326,0.015639264
great mobile app for a great platform,positive,positive,0.9088259339332581,0.016697166,0.0744769,0.90882593
easiest way to keep all my accommodation details with me when i travel.,positive,positive,0.8750213384628296,0.010036895,0.11494177,0.87502134
"there is no way to search or jump to the pages i want. so, in a <number> page document, i have to page down until i get to where i want. very poor!",neutral,negative,0.9639216065406799,0.9639216,0.024770124,0.011308238
crashes on z <number> compact,neutral,negative,0.6640176773071289,0.6640177,0.30452466,0.03145767
"can't delete any of the pdf files! someone ,help mytouch <number> g",neutral,neutral,0.7227036952972412,0.1617754,0.7227037,0.11552093
somethings wrong with this app,positive,negative,0.7964945435523987,0.79649454,0.17875078,0.024754692
well organized app. offers better deals than the hotel itself.,positive,positive,0.9274072051048279,0.014507553,0.058085166,0.9274072
faster than other app,positive,positive,0.5508263111114502,0.069881745,0.37929192,0.5508263
"decent, but needs ability to define custom notification sound. the built-in ones are too quiet and the 'device default' is too general.",positive,neutral,0.7099763751029968,0.022012329,0.7099764,0.2680113
"if you have difficulties staying focussed, then this is definitely the app for you. as trivial as it sounds, there's a real sense of satisfaction in seeing your forest grow the more time you log. the only thing i would say which could be added is social email support or facebook integration, which i believe is already a feature on the ios version. some of my friends are using it too, and seeing their forests grow (perhaps even on some kind of map next to mine?) would add an element of healthy competition!",positive,positive,0.7013732194900513,0.028991949,0.26963487,0.7013732
would be better with out ads,positive,neutral,0.7022038102149963,0.05303025,0.7022038,0.24476595
<number> star 'coz why we have to request hd quality picture first? oh <url> nobody need bad quality picture. washing <url> another chat app more better !!,neutral,neutral,0.5957021117210388,0.2567113,0.5957021,0.14758657
"my screen goes off, but when i unlock my phone, my tree dies. makes the app pointless as it forces me to keep the screen on which is distracting. great concept though.",neutral,neutral,0.714577317237854,0.08388578,0.7145773,0.2015369
it will be better if the apps allow users to listen music while studying or doing their things,positive,neutral,0.4934375584125519,0.02299548,0.49343756,0.4835669
the app is free on android but why can't i use my new unlocked tree?!,negative,neutral,0.4491986036300659,0.42527217,0.4491986,0.12552926
"not ideal, but better than a few other ""freeware"" options there with lots of adds or crappy ui.",positive,neutral,0.753951370716095,0.037933163,0.7539514,0.20811541
add break or pause option plz,positive,positive,0.5630607604980469,0.027046343,0.40989292,0.56306076
good effort <url> try to send correct notification of the news or story.,positive,positive,0.7321832180023193,0.013160371,0.2546564,0.7321832
doesn't work keeps saying bad internet connection but all other apps work.,negative,negative,0.5853005051612854,0.5853005,0.37808904,0.036610547
did not install this app. all i did was update my phone and it was there and i can delete it! very annoying!!!,negative,negative,0.9168012142181396,0.9168012,0.0707054,0.01249343
last updates causing problems.,neutral,neutral,0.5230159163475037,0.41221485,0.5230159,0.06476923
"stupid app many many ads ,don't download this app",negative,negative,0.9663346409797668,0.96633464,0.02428862,0.009376734
too much buz for nothing so special.,negative,neutral,0.6789160370826721,0.22857174,0.67891604,0.092512175
simple but effective app to end smartphone addiction,positive,positive,0.8446221947669983,0.013204097,0.14217365,0.8446222
technology at its <signature>,positive,positive,0.7887771725654602,0.046269927,0.1649529,0.7887772
"editing is all about precision, of which this isn't good at. trying to crop is like throwing stones at a picture frame on a wall and hoping it sticks. when you get it you accidently press another button and all the work is <url> still needs some refining",neutral,neutral,0.6656485199928284,0.04843421,0.6656485,0.28591725
used to love <url>,neutral,negative,0.8254467844963074,0.8254468,0.15208177,0.02247144
bbm is really gud,positive,neutral,0.49743708968162537,0.14141034,0.4974371,0.3611526
still a good app,neutral,neutral,0.6268797516822815,0.02053318,0.62687975,0.35258707
"looks nice but the live radar always zooms in to close, i like to see the entire area around my location.",positive,positive,0.705083966255188,0.014103718,0.28081232,0.70508397
creeping permissions. no <signature>,negative,negative,0.9501774311065674,0.95017743,0.039187457,0.010635171
don't expect to be productive on the tube,negative,neutral,0.6018548011779785,0.35034353,0.6018548,0.047801733
huge apo. does not have move to sd card. standard reader v. good. uninstalling.,negative,negative,0.9451011419296265,0.94510114,0.042306934,0.0125920195
too many push and price not clear,neutral,negative,0.7231531739234924,0.7231532,0.24186197,0.034984887
great app but updated the app but the bug is still there where the animation plays without accessing the app so you have to tap screen to gain access to home screen. that bug has been there forever please fix!,neutral,neutral,0.6060082912445068,0.13370302,0.6060083,0.2602887
like it but need better notification settings,positive,positive,0.6290063261985779,0.0151013015,0.35589242,0.6290063
being a motorcycling enthusiast i like to know where the rain is and what direction it's heading.,positive,positive,0.8837047219276428,0.022390071,0.093905136,0.8837047
radar no longer works,negative,negative,0.9624674320220947,0.96246743,0.026325654,0.011207012
why i cannot play my download video?,neutral,negative,0.5551086068153381,0.5551086,0.3706443,0.0742471
as an alternative in contacting people,positive,positive,0.6891112327575684,0.03243828,0.2784505,0.68911123
crashes all the time tells you there is no memory even on sd card. won't let you use if you decline push notifications,negative,negative,0.8610534071922302,0.8610534,0.124318816,0.014627852
what's the point?,negative,negative,0.8975793719291687,0.8975794,0.085415274,0.01700538
"i used to really love this browser but now it's just annoying .when i download files sometimes it tells me ""file doesn't exist"" and i have to redownload ,plus it lags .",negative,neutral,0.6893876194953918,0.23654269,0.6893876,0.07406971
its good but i think it should add like fortnite emojis or other characters,positive,positive,0.53590327501297,0.0138967205,0.45019996,0.5359033
its good but now a days it slow,neutral,neutral,0.6953985691070557,0.020051781,0.69539857,0.28454962
"the emojis you can make out of it are great! however, it would be nice to implement the character doing different kinds of sports. also the app didn't have my face shape, hairstyle, and the mouth was too big for me. basically i had to go with what i could find that looked the most like me, and a bunch of people still thought that the bitmoji looked nothing like me. something else i'd like to add is that maybe for the female character, put some outfits that are t-shirts and moderate shorts, not just short shorts. i couldn't find my usual attire because of that. overall, my bitmoji only looks a bit like me so if you guys can change the face, costumes, and facial features to let more people have an accurate character, it'd be great. <signature>",positive,positive,0.6915303468704224,0.017806979,0.29066268,0.69153035
throw this app to garbage,negative,negative,0.9606719613075256,0.96067196,0.028572157,0.010755809
very nice and helpful <url> luving <url>,positive,positive,0.8904263973236084,0.013442331,0.09613135,0.8904264
it will be better if there will be option to archive a chat,positive,neutral,0.562599778175354,0.021504628,0.5625998,0.4158956
requesting to build a bigger forest!,positive,negative,0.6796238422393799,0.67962384,0.2657278,0.054648384
stop the stupid ads,negative,negative,0.7610955834388733,0.7610956,0.17973398,0.059170414
spark lightening no longer working,neutral,negative,0.7920854687690735,0.79208547,0.17037314,0.03754141
"slowly slowly you are making it worst app but it's your app you can do anything after all you are communist. see i don't like your inbuilt pdf viewer,video viewer app so allow user to use apps like adobe pdf reader and mx <url> and the new problem is the facebook video is not working <url> earlier i have given <number> star rating but now you are decreasing quality <url>",negative,negative,0.9014178514480591,0.90141785,0.08159997,0.016982093
doesn't export my photos most of the time,neutral,negative,0.7868786454200745,0.78687865,0.19620843,0.016912894
still need to improve,positive,neutral,0.6617496013641357,0.043782897,0.6617496,0.29446745
no philippine peso currency?,neutral,negative,0.7544301152229309,0.7544301,0.21727261,0.028297279
"i downloaded this app specifically to merge photos together on my backpacking adventures whilst eliminating the need for a laptop. sadly, it does not have the function to merge photos for panoramic or hdr.",neutral,neutral,0.5864488482475281,0.31190622,0.58644885,0.101644926
"pretty effective but i just noticed it doesn't pick up the usage of one of my most distracting apps (bacon reader for reddit). i was on it and thought oh no my tree! opened up to find it wasn't triggered. double checked my white list etc, everything was proper. if it doesn't block that it becomes pretty useless in my eyes",positive,neutral,0.5722130537033081,0.037543435,0.57221305,0.39024356
"awesome app. it would be sooo useful to have one button access to the lastest posts accross all channels and all workgroups, i find im spending much time digging around for the latest posts.",positive,positive,0.8835383057594299,0.012309787,0.104151934,0.8835383
its good and so easy to use,positive,positive,0.8368784189224243,0.010982706,0.15213893,0.8368784
this isn't as good as it's siblings,negative,neutral,0.7345935702323914,0.1542527,0.7345936,0.11115379
app is good service,neutral,positive,0.4959546625614166,0.020882761,0.48316258,0.49595466
app thinks i am a man :'),negative,neutral,0.5040878653526306,0.22485848,0.50408787,0.27105367
will not work correctly. i tryed to set the map in motion and it will not move!,negative,negative,0.9623827338218689,0.96238273,0.027547041,0.010070209
super cute but kind of difficult to use on the spot.,positive,positive,0.6898452043533325,0.014766056,0.29538873,0.6898452
"nice, but couldn't find night mode.",positive,neutral,0.8314990401268005,0.03456442,0.83149904,0.1339366
"insanely unreliable - wont let me accept invites to other workspaces nor will this application even show me the invite - login inconsistency, i can auto-login with the app but when i type my password in non-app login screens it wont work. its the same password i use for other applications and i successfully login each time.",negative,negative,0.9476483464241028,0.94764835,0.043326277,0.009025439
cant search without creating an account! they need your email so the can sell it to spammers! unistall!,negative,negative,0.9660190343856812,0.96601903,0.025262576,0.008718428
only good not <signature>,neutral,neutral,0.7278460264205933,0.041731674,0.727846,0.23042233
it is a waste app and waste of time. it is only useful for downloading the movies,positive,negative,0.9618610739707947,0.9618611,0.027870767,0.01026822
it's fast and i can always use it to download,positive,positive,0.8469277024269104,0.012210095,0.14086218,0.8469277
have to use and see,neutral,negative,0.5163829922676086,0.516383,0.38719717,0.09641981
good but some issues,positive,neutral,0.6014782786369324,0.016100515,0.6014783,0.3824212
plz see sex movies it's nice in this,neutral,positive,0.6510151028633118,0.02124601,0.3277389,0.6510151
wont open. it always crashes and my phone reports it having multiple errors in <number> week,negative,negative,0.9640883803367615,0.9640884,0.027196323,0.008715392
fcs on a <number> page pdf. really?! even on my stock evo that's awesome? this reminds me of flash player on my laptop- always causing problems. adobe = crap,negative,neutral,0.5185894966125488,0.35258344,0.5185895,0.12882708
"the worst app ever can't download a single <url> my downloads have been ""unsuccessful""",negative,negative,0.966282308101654,0.9662823,0.022921145,0.010796505
needs text search and in-document link support.,neutral,neutral,0.78537517786026,0.04829027,0.7853752,0.16633463
it's a great app. love it and good job,neutral,positive,0.9235377311706543,0.01347975,0.06298246,0.92353773
"sometimes wonky when on wifi, but that could be internet connection issue. also wants to have high accuracy location on which will drain your phone quickly.",neutral,neutral,0.8040208220481873,0.084038354,0.8040208,0.111940846
why am i now seeing ads? lame!,negative,negative,0.9350822567939758,0.93508226,0.05280729,0.012110457
you had one job,positive,negative,0.7618691325187683,0.76186913,0.19785655,0.040274367
"it would be nice if there was an option to record voice messages.    nuisance: when i press 'backwards' in my android, i am thrown out of the app, instead of going backwards to the messages list.    nuisance: i don't see a list of last messaged people in chronological order but randomly. this drives me <url>",neutral,neutral,0.7599837779998779,0.042520918,0.7599838,0.19749528
not replacement for the desktop app,neutral,neutral,0.5734905004501343,0.27602583,0.5734905,0.15048364
great app to communicate with family and friends.,positive,positive,0.9330592155456543,0.015513212,0.05142762,0.9330592
best chat application ever,neutral,positive,0.9005585312843323,0.018275881,0.08116557,0.90055853
good app bt needs new features,neutral,neutral,0.5192734003067017,0.02665778,0.5192734,0.45406887
it requires access permission n i dont know from where to turn on so can u plz tell m!!,neutral,negative,0.8827998042106628,0.8827998,0.10164214,0.015558079
uffff!!!! plzz don't downloaded this,negative,negative,0.9186319708824158,0.918632,0.06748173,0.013886368
good <url> lacks some essential features,positive,neutral,0.5939469933509827,0.01763214,0.593947,0.38842085
"the app is ok but the camera should no have any sound when you take photos, that problem is quite annoying",neutral,neutral,0.8564066290855408,0.04117643,0.8564066,0.10241696
installation corrupts gmail db on n <number> android <number> . <number>,negative,negative,0.9436232447624207,0.94362324,0.046719328,0.009657422
i think it's a great start app!,positive,positive,0.8204857110977173,0.0152420495,0.16427226,0.8204857
radar has been freezing and not moving for last month. deleted it after all this time. pos!!!,negative,negative,0.9665467739105225,0.9665468,0.024122996,0.009330244
ok till it goes wrong,neutral,neutral,0.8246229290962219,0.03787079,0.8246229,0.13750622
i rely on weatherbug every day.,positive,positive,0.8989559412002563,0.016660592,0.08438346,0.89895594
"love this app, especially the lightening strike tracker.",positive,positive,0.9100028872489929,0.016322028,0.07367501,0.9100029
there's still more to it.,positive,neutral,0.5769529342651367,0.09249899,0.57695293,0.3305481
very basic and subscription based,negative,neutral,0.4372439384460449,0.35466474,0.43724394,0.20809136
no words great app,positive,negative,0.7689923048019409,0.7689923,0.19598117,0.035026524
"im not use as well, i think it is bad application, i dont like.",negative,negative,0.7865625619888306,0.78656256,0.18676716,0.026670309
keeps saying photos not found whwn trying to send/ attach to people. using a note <number> <url> its not <url> it <url> pwrfect for what application i needed it for. will try again when i get new phone in a couple weeks.,negative,negative,0.7602598667144775,0.76025987,0.21187575,0.027864387
helpful for book reading,positive,positive,0.8979569673538208,0.010083356,0.09195963,0.89795697
sometimes slow but yet efficient.,positive,positive,0.610419511795044,0.018316014,0.37126452,0.6104195
for some reason the keyboard doesn't work on my phone. and i can't do couple's bitmojis with my wife. but it's fun to use with her anyhow,positive,positive,0.49982792139053345,0.017117636,0.48305452,0.49982792
make anoying bc different ring with chat ring,neutral,positive,0.6864868998527527,0.039399415,0.2741137,0.6864869
"please make the browser application sync-able with android phones. i was able to sync a few days ago, but now it only syncs with an ios account.",positive,neutral,0.6507333517074585,0.14118597,0.65073335,0.20808072
great app. would have been a <number> if avatar could be edited,neutral,positive,0.8553260564804077,0.024126628,0.12054724,0.85532606
poor cousin to the desktop app,neutral,negative,0.7002368569374084,0.70023686,0.25829104,0.041472096
i get notification for update but i can't update my bbm. please fix it.,neutral,neutral,0.6412926912307739,0.23782258,0.6412927,0.120884754
it wont let me download its saying it is but not getting it,negative,negative,0.9509989023208618,0.9509989,0.03858801,0.010413072
force closed zenfone <number>,negative,negative,0.8954724073410034,0.8954724,0.08043422,0.024093412
cloud service only idea bites,negative,neutral,0.5523194670677185,0.27820942,0.55231947,0.1694711
i can't sign <url> :'(,neutral,negative,0.6890719532966614,0.68907195,0.26735377,0.043574303
horrible for one reason,negative,negative,0.9390662312507629,0.93906623,0.04524897,0.015684739
<salutation> opening unwanted liks,negative,negative,0.7431795597076416,0.74317956,0.21360093,0.043219455
won't let me end chat,negative,negative,0.9244011044502258,0.9244011,0.06078341,0.014815467
"nice, but flow could be better.",positive,neutral,0.5784536600112915,0.016263677,0.57845366,0.40528262
it just froze up a few days <url> doesn't work at all when i click on it,negative,negative,0.9084879755973816,0.908488,0.07908926,0.012422811
the news which displays on the welcome page is very annoying and vulgar have to be very careful when giving it to the children's at home to surf the internet and we had to use other browser in front of others as your front page containt all the vulgarity in news most of the people don't know how to disable news. the option should be visible on the front screen itself,negative,negative,0.49014580249786377,0.4901458,0.42558256,0.08427161
seems impossible to make a review,neutral,neutral,0.6884933114051819,0.25542766,0.6884933,0.056078967
reflow doesn't let you move from what's on the screen. no option to go to specific pages directly (really? scroll through a <number> + page book everytime?),neutral,neutral,0.5877007842063904,0.36271074,0.5877008,0.049588453
low score due to the lack of a dark theme/night mode in <number> !,neutral,negative,0.6125171184539795,0.6125171,0.35251135,0.03497158
"no floating head, why",negative,neutral,0.58631831407547,0.28713024,0.5863183,0.12655142
bad on sms blocking,neutral,negative,0.8968658447265625,0.89686584,0.087545924,0.015588195
hated the new update,negative,negative,0.94571453332901,0.94571453,0.041639186,0.012646286
i find it a bit odd that the app doesn't automatically open a file. i have to go to the app and open the file from there.,positive,neutral,0.7699447274208069,0.037012283,0.7699447,0.19304298
the weather people are always wrong they suck,negative,neutral,0.5244414210319519,0.42524365,0.5244414,0.050314967
"no ""go to page"" feature? really?",neutral,negative,0.6347848176956177,0.6347848,0.313954,0.051261175
caused ipad safari to stop working,negative,negative,0.8644624352455139,0.86446244,0.11245938,0.023078155
it's a good app to communicate with team instantly,positive,positive,0.8754370808601379,0.010374293,0.1141886,0.8754371
garbage. worthless app. i hope someone comes up with one better and more organized for people use. makes no sense. cant navigate. not worth the headache.,negative,negative,0.9669815897941589,0.9669816,0.022236729,0.010781641
good but seems to be a battery drainer on lollipop,neutral,neutral,0.6916569471359253,0.019628162,0.69165695,0.28871483
like the funny <url>,positive,positive,0.5437839031219482,0.035694033,0.42052206,0.5437839
"useless app, doesn't work as described",negative,negative,0.9671371579170227,0.96713716,0.02298212,0.009880738
pdf viewer works much smoother and loads faster,negative,positive,0.4919840693473816,0.04830065,0.45971528,0.49198407
awesome app with awful ux,neutral,negative,0.7914789915084839,0.791479,0.15851878,0.05000219
<salutation> why most of the time. when i finish downloading video and going to play it. it says failed to open its not like this before using old version.,negative,neutral,0.5034760236740112,0.42941374,0.503476,0.067110196
couldn't get edited photos out of lightroom!,negative,negative,0.9095117449760437,0.90951174,0.07698556,0.0135027
the update sucks!!! i lost all the trees i previously unlocked.,negative,negative,0.9647011160850525,0.9647011,0.025857827,0.00944098
the cancellations are confusing and the will double charge,neutral,neutral,0.7207948565483093,0.2082657,0.72079486,0.07093937
"great, but eset is going off",positive,positive,0.5812683701515198,0.029205466,0.38952622,0.58126837
it is too slow app.,negative,negative,0.5949517488479614,0.59495175,0.35964295,0.04540526
good & need more development options,neutral,positive,0.6467201113700867,0.012892322,0.34038755,0.6467201
browsing fast but before download its doing re direct and suggest an other app.,positive,neutral,0.7316219210624695,0.09868818,0.7316219,0.16968988
please fix as soon as <url> cannot send message n dont have received feeds,negative,negative,0.5565620064735413,0.556562,0.38280573,0.06063228
too many ads dude,negative,negative,0.5517435669898987,0.55174357,0.39018366,0.058072805
through this app i get amazing deals,positive,positive,0.918675422668457,0.020697229,0.06062739,0.9186754
very helpful & useful for media <url>,positive,positive,0.9141384363174438,0.0138120195,0.072049566,0.91413844
very helpful the apps,positive,positive,0.9173939228057861,0.01135844,0.071247585,0.9173939
update screwed the app over,negative,negative,0.9629855155944824,0.9629855,0.026606433,0.010408101
i love the variety of fashion styles this app offers. really digging on the poses & emotion statements. emoji id me. a ok,positive,positive,0.924041211605072,0.012961025,0.06299779,0.9240412
except advertising everything is fine,positive,neutral,0.6786388754844666,0.03134284,0.6786389,0.29001823
does what it's meant to do,positive,neutral,0.7078129053115845,0.06961606,0.7078129,0.22257103
it's bad browsing with opera,positive,negative,0.505782961845398,0.50578296,0.4524649,0.041752115
storm warnings are behind. weather warnings just seams to be behind,neutral,neutral,0.6433172821998596,0.21783322,0.6433173,0.1388495
not really but they had an annoying notification getting me to rate the app so,negative,neutral,0.7642111778259277,0.047004048,0.7642112,0.18878473
was better before they started messing with it. but still a bit of silly fun,neutral,neutral,0.7135519981384277,0.044854715,0.713552,0.24159326
can no longer save locations.,neutral,negative,0.901275098323822,0.9012751,0.08293169,0.015793195
"i use to like this app. but now the radar animation don't work,and i use to like that. i see it doesn't work for other people either sence the upgrade.",negative,neutral,0.4746810495853424,0.4609594,0.47468105,0.06435954
it works but thats it,neutral,neutral,0.6870712637901306,0.05259601,0.68707126,0.26033273
"next update have any problems after i'm updates its say bbm not responding, and refresh page is take a long time, maybe <number> minutes, why the hell??",neutral,negative,0.7723179459571838,0.77231795,0.19531724,0.032364715
"just downloaded it, and haven't had the chance to use it much.",positive,negative,0.8040481805801392,0.8040482,0.17093416,0.025017688
inferior to the ios version.,neutral,negative,0.6243109703063965,0.624311,0.33956757,0.036121424
"this app just simply doesnt care if i have allowed the data access or not. despite completely stopping the access to mobile data and wifi, it still runs in the background, connects with the internet and receives the texts. extremely intrusive and not something to have installed on your phone. if this is how it behaves, then it can't be trusted. uninstalled.",negative,negative,0.9601330161094666,0.960133,0.030639717,0.009227224
quick booking. many options.,positive,positive,0.8956059217453003,0.010475689,0.09391832,0.8956059
can't jump to pages. up arrow disappears. at least make it optional for up arrow to stay visible all the time. just plain out aggregating to use.,negative,negative,0.4905206263065338,0.49052063,0.45892492,0.050554477
very lag and make my phone so slow,negative,neutral,0.5665338039398193,0.381817,0.5665338,0.051649205
useful and stable application <signature>,positive,positive,0.9142788648605347,0.012493754,0.0732274,0.91427886
overall a good app fast downloading and <signature>,positive,positive,0.8742801547050476,0.009692278,0.11602756,0.87428015
good place to work in groups,positive,positive,0.7217749357223511,0.012718063,0.265507,0.72177494
good application. but needs some improvement,positive,positive,0.63334721326828,0.012215337,0.35443744,0.6333472
good app but to much fake news and add,negative,positive,0.6744951009750366,0.017749863,0.30775505,0.6744951
cool idea with severe (ironic) bug,positive,neutral,0.7349116802215576,0.09434102,0.7349117,0.17074732
this app are clearing all data,neutral,negative,0.9505929350852966,0.95059294,0.035709236,0.013697874
good for a waytomake moneyon the side,neutral,neutral,0.6721104383468628,0.040377725,0.67211044,0.28751191
it is very nice app,neutral,positive,0.8446862697601318,0.010922621,0.14439109,0.84468627
"best editing software. ui is easy , but please remove the trial",positive,neutral,0.545981764793396,0.05238848,0.54598176,0.4016298
not visible in app tray!,positive,negative,0.7823044657707214,0.78230447,0.18872856,0.02896698
the only thing i would do different is make this available on facebook i can't access it for my posts. had to uninstall and reinstall as it stopped working.,neutral,negative,0.8609709739685059,0.860971,0.110955864,0.028073132
"would have been a perfect app excet for the fact that you cant insert the icon into your current text, but have to start a new one(text) <url> , and with every icon!",neutral,positive,0.4841291308403015,0.046703577,0.46916723,0.48412913
some issues in confirming the booking.,neutral,neutral,0.6436904668807983,0.04324186,0.64369047,0.31306767
pls also cover news of intl. importance,neutral,positive,0.6724167466163635,0.08663792,0.24094535,0.67241675
very easy to navigate,positive,positive,0.9097045660018921,0.0117882015,0.07850723,0.90970457
won't stop shutting down. reported several times,negative,negative,0.869071900844574,0.8690719,0.112093866,0.018834248
easy and very helpful,positive,positive,0.9282249212265015,0.012600102,0.05917498,0.9282249
"there is a problem, at least in this version, each time i try to view an already downloaded city guide while i'm online, always displays the search page for hotels <url>",neutral,neutral,0.6847968101501465,0.14077389,0.6847968,0.1744293
i am just downloading the app after completion i'll increase or decrease the rating based on the app performance,neutral,negative,0.5005123615264893,0.50051236,0.42561197,0.07387573
"notif now okay, ads still not ok",positive,neutral,0.5398914813995361,0.41193902,0.5398915,0.048169516
"great app, too bad i'm on android.",positive,positive,0.6655797958374023,0.040052027,0.29436818,0.6655798
"it's is very effective app , but it takes too much time in opening",neutral,positive,0.5009803175926208,0.017019827,0.48199987,0.5009803
same bad it is good for search and for download but it is no to much good when i open uc browser on it home sreen or default and not save language option for my side not good,neutral,neutral,0.735973596572876,0.17405052,0.7359736,0.089975946
not good for me,negative,neutral,0.5510436296463013,0.39478105,0.5510436,0.0541753
it's good for few days later it is not working well,neutral,neutral,0.7753663659095764,0.020708216,0.77536637,0.20392539
"keeps crashing. really looked fwd to checking it out, but crashes all the time. the few times it worked the timer got messed <url> work it out!",neutral,negative,0.8302645087242126,0.8302645,0.1507522,0.018983305
the worst - yet the only <url> ckck,negative,negative,0.9576441049575806,0.9576441,0.030179054,0.012176912
i love this app!it really helped me! devs keep on fixing and constantly improving on the app. worth any all in app purchases (which are very cheap btw). just missing a widget! &lt;/ <number>,negative,positive,0.8784494400024414,0.02323681,0.09831372,0.87844944
my bbm very slow .. what happen ??,negative,negative,0.7307623028755188,0.7307623,0.24290533,0.026332393
i like booking in my computer,neutral,positive,0.8259686827659607,0.024560349,0.14947097,0.8259687
i like this app,positive,positive,0.7868256568908691,0.036388673,0.17678572,0.78682566
can't do or find anything on the app,negative,negative,0.7870061993598938,0.7870062,0.19451477,0.018479034
why open raw files ?,positive,neutral,0.6104405522346497,0.21151523,0.61044055,0.17804419
"all but useless in europe. slow to update and most features just don't work here at all. added a daily weather report, great! oh wait, it describes only one <url>",negative,negative,0.8970154523849487,0.89701545,0.08571353,0.01727097
something very wrong with the app,negative,negative,0.8938928842544556,0.8938929,0.0897034,0.016403718
iterate this app more then ads,negative,neutral,0.6067131161689758,0.22943942,0.6067131,0.16384746
old seen should not repeat please,neutral,negative,0.5908277034759521,0.5908277,0.35290587,0.056266442
great app for traveling,positive,positive,0.9005987048149109,0.016093692,0.08330755,0.9005987
was so great <url> but <url>,negative,neutral,0.6654108166694641,0.13596252,0.6654108,0.1986267
it's a nice app,positive,positive,0.7492109537124634,0.010980733,0.23980828,0.74921095
i love this service,positive,positive,0.8296829462051392,0.04764654,0.122670546,0.82968295
larry delaney like it,neutral,positive,0.6708364486694336,0.028132124,0.3010314,0.67083645
not working with google messenger,neutral,negative,0.9185935258865356,0.9185935,0.068347074,0.013059425
"i am enjoying the app very much, it was recommended by my nephew and it is everything that he said it would be!!",positive,positive,0.9114084839820862,0.017959928,0.070631586,0.9114085
really only works with small documents and even then runs into freezes on motorola droid. no page jump which for books is necessary,negative,neutral,0.6314892172813416,0.27194905,0.6314892,0.09656177
"i used to really love this app until it started killing my trees just for receiving a notification that i hadn't opened yet. advanced detection is not on. may as well turn the phone off, but i use it for music.",negative,neutral,0.5609530806541443,0.35054466,0.5609531,0.08850223
crashes immediately after startup - can't use it!,negative,negative,0.9550621509552002,0.95506215,0.034715746,0.010222081
can't login to bbm,negative,negative,0.8506978154182434,0.8506978,0.13233435,0.016967751
an very much useful application,positive,positive,0.8759897351264954,0.013005849,0.111004435,0.87598974
works great except a few things,positive,positive,0.7790358066558838,0.016498378,0.20446576,0.7790358
"<salutation> awful interface lacking any true customisation, yet another chat app that brings nothing new to the table and steals ideas from discord, an exercise in reinventing the wheel which hasn't been updated in years and crashes all the time. also i wouldn't trust this app if you value your privacy. avoid like the plague.",negative,negative,0.9604236483573914,0.96042365,0.02969567,0.00988068
good for editing bad for storage,neutral,neutral,0.7714185118675232,0.060315616,0.7714185,0.16826586
"it's <url> only downside is can't make just any emotion, but overall great",positive,positive,0.8423508405685425,0.012524284,0.14512494,0.84235084
used to work . please fix,negative,negative,0.8448764085769653,0.8448764,0.13482967,0.02029393
it would be great if there's a feature where i can sort my files in folders because it is irritating to find a certain file in my sea of different subjects.,positive,positive,0.5852373838424683,0.018301021,0.39646155,0.5852374
one thing that uc devs definitely do is to remove ads and news <url> page is annoying if we want to read then will go in news site,negative,neutral,0.6131766438484192,0.2756899,0.61317664,0.111133404
nice to be back,positive,neutral,0.5161353945732117,0.019567499,0.5161354,0.46429718
"in all, we have to check this.",neutral,positive,0.6492999196052551,0.07479425,0.27590588,0.6492999
freezes on some files,neutral,neutral,0.7195419669151306,0.19105862,0.71954197,0.08939946
cannot save progress without spending money.,negative,negative,0.9237521290779114,0.9237521,0.06345369,0.012794206
greatly helpful. i like it,positive,positive,0.93255215883255,0.013277478,0.05417033,0.93255216
can't even spell sydney right,negative,negative,0.9495332837104797,0.9495333,0.03964925,0.010817365
can't even create an account,negative,negative,0.9637003540992737,0.96370035,0.026319237,0.009980408
nice app but you put extra features in this app but app is good,neutral,positive,0.6952142715454102,0.015552743,0.28923297,0.6952143
"good, but better without all those ads like other free messengers such as whatsapp, telegram, etc",neutral,neutral,0.5780559778213501,0.017494636,0.578056,0.40444937
wow. useless. hated it. <number> stars. (if i <url> ),negative,negative,0.9661574363708496,0.96615744,0.02295845,0.010884109
"bloated, glorified chat. i use it because my company obliges me to do so.",negative,neutral,0.5103582739830017,0.38035923,0.5103583,0.10928256
it dors ansolutely nothing. wastef my time!,negative,negative,0.9591665863990784,0.9591666,0.03024879,0.010584558
superb editing in this,neutral,positive,0.8871407508850098,0.013775993,0.099083245,0.88714075
"generally very good & helpful, with some good prices. free cancellation option is extremely useful.",positive,positive,0.922581672668457,0.010620895,0.06679743,0.9225817
"the ""i'm listening to"" <url>",positive,neutral,0.4845038056373596,0.15645386,0.4845038,0.35904238
"solid app, but lacking in the tablet ux area",positive,neutral,0.8054438829421997,0.06375261,0.8054439,0.13080347
let people to create more characters,neutral,positive,0.5838046073913574,0.03665551,0.37953985,0.5838046
app is good brower is so fast but news section in uc brower is the worst thing in the world,neutral,neutral,0.7249850630760193,0.06308464,0.72498506,0.2119303
"it is good easy to use , but why i have to download opera browser to download any videos from uc browser please fix this problem .",neutral,neutral,0.6120001673698425,0.02430018,0.61200017,0.36369964
it worked better before the <url> anything posted is hard to see and get to.,neutral,neutral,0.6119544506072998,0.28397182,0.61195445,0.1040737
can't apply for instagram. please updated,neutral,negative,0.7889558672904968,0.78895587,0.18335623,0.027687905
image size goes from <number> mb to <number> kb else fine.,neutral,neutral,0.603633463382721,0.045050938,0.60363346,0.35131562
please enable apps <number> sd immediately. <signature>,negative,neutral,0.5443243980407715,0.16307281,0.5443244,0.2926029
like the app but the don't update rainfall very often.,positive,neutral,0.6430290341377258,0.04387454,0.64302903,0.31309646
i liked <url> the size of this app is <url> is better,positive,neutral,0.4895176291465759,0.056462385,0.48951763,0.45402
this app is extremely bloated. for the functionality provided it should fit within <number> mb without issues.,negative,neutral,0.6128360629081726,0.32178757,0.61283606,0.06537636
half assed. uninstall! droid ally,negative,negative,0.9638068675994873,0.96380687,0.02576682,0.010426277
quite nice - would be useful to edit posts from mobile,positive,positive,0.7851633429527283,0.01232999,0.2025067,0.78516334
app <number> f. temp <number> f,negative,neutral,0.5849835872650146,0.2961531,0.5849836,0.11886338
too many update it's annoying,neutral,neutral,0.7480883598327637,0.17967273,0.74808836,0.07223889
not responding to phone calls or emails. no customer service at all.,negative,negative,0.9531301259994507,0.9531301,0.037579283,0.009290565
thanks for fixing the problem,negative,positive,0.6775672435760498,0.017666828,0.30476588,0.67756724
room rate at times is misleading subject to additional charges,neutral,neutral,0.7037638425827026,0.21539964,0.70376384,0.08083653
access to files/photos/media,negative,neutral,0.5317201614379883,0.06871333,0.53172016,0.3995665
"best messaging app, not so great for file sharing though",positive,positive,0.743571400642395,0.015460887,0.24096768,0.7435714
they want to much access,neutral,negative,0.7965109348297119,0.79651093,0.16543818,0.038050823
"would love more clothing choices, glasses and skin tones.",neutral,positive,0.9110637903213501,0.012101508,0.07683467,0.9110638
line freecall is better than bbm freecall,neutral,neutral,0.574042797088623,0.07122136,0.5740428,0.35473582
this app very nice & use very easy,neutral,positive,0.9305737018585205,0.012421482,0.057004794,0.9305737
make the dp full hd,neutral,neutral,0.618736743927002,0.08005238,0.61873674,0.30121088
good if it doesn't has annoying news banners,positive,neutral,0.7164421081542969,0.029210897,0.7164421,0.25434697
please make the lite variant of this app for smartphones with less storage.,negative,positive,0.49879947304725647,0.085256726,0.4159437,0.49879947
age group <number> to <number> years old,negative,neutral,0.6013090014457703,0.17356494,0.601309,0.22512607
takes a lot of space,negative,neutral,0.7158299088478088,0.2059657,0.7158299,0.07820435
trible app. ui is horrible.,negative,negative,0.927141547203064,0.92714155,0.05701849,0.015839996
loved the app very much,positive,positive,0.5391606688499451,0.11855478,0.34228456,0.53916067
this bbm is not working on my galaxy s <number> edge why,neutral,negative,0.9343734979629517,0.9343735,0.05235213,0.013274419
it's great <url>,neutral,positive,0.7885915040969849,0.017455958,0.19395255,0.7885915
where is option for timer,negative,neutral,0.6897137761116028,0.073943675,0.6897138,0.2363425
well not. so good work but. some what.,neutral,neutral,0.7914214134216309,0.031660102,0.7914214,0.17691845
this could be great <url>,neutral,neutral,0.6086573600769043,0.06204777,0.60865736,0.32929483
take too much space or ram to run,neutral,neutral,0.7296809554100037,0.20267227,0.72968096,0.06764677
very useful. ive used the app many times in the last few years. hv even referred others by telling them directly. wish full address address of property could be included even before booking. thats my only complaint.,positive,positive,0.8449766635894775,0.013274725,0.14174862,0.84497666
i love it but she doesn't look like me after making so many changes!!,positive,positive,0.7206538319587708,0.031211857,0.24813432,0.72065383
"it's ok, but since it appears to have basic reflow why can't we have white text on black background to save battery?",neutral,neutral,0.8501452803611755,0.02353318,0.8501453,0.1263216
great!!! amazing tool for textbooks in pdf <url> i use it on my lenovo tab <number> <number> plus and it works awesome. most of my medical textbooks converted in pdf run absolutely fine with this app.,positive,positive,0.9226331114768982,0.016347317,0.061019514,0.9226331
bothering me for a rating,neutral,neutral,0.7504640221595764,0.1670074,0.750464,0.082528606
it works great until you need to use another app. even when i whitelist apps my tree still withers,neutral,positive,0.4860718846321106,0.060228612,0.4536995,0.48607188
good weather overview. occasionally buggy (no pun intended).,positive,positive,0.7185239791870117,0.011018349,0.27045763,0.718524
when it works is great,neutral,neutral,0.5810273289680481,0.16292733,0.5810273,0.25604534
radar map doesnt work at all since last update. please fix and get <number> stars,negative,negative,0.9529449939727783,0.952945,0.036727704,0.010327219
"how do i use on facebook,?",negative,neutral,0.5430041551589966,0.23148902,0.54300416,0.22550683
used to be my favorite app,negative,negative,0.8434403538703918,0.84344035,0.1373563,0.019203413
its all good except for one thing.,neutral,neutral,0.7409796714782715,0.017361404,0.7409797,0.24165888
to good to be true,positive,neutral,0.545883297920227,0.08349587,0.5458833,0.37062082
this app is useful for me,positive,positive,0.7705392241477966,0.014092415,0.21536832,0.7705392
"only worked for a day, then the app would never open and kept saying there was a error. uninstalled the re-installed <number> times never worked again",negative,negative,0.947637677192688,0.9476377,0.042793084,0.009569213
not able to open pdf's downloaded to sd <url>,negative,negative,0.6841806769371033,0.6841807,0.28163734,0.034182027
slow and crashes dinc v <number> . <number>,negative,negative,0.8894387483596802,0.88943875,0.095922664,0.01463862
"easy to use, fairly accurate!",positive,positive,0.9332594275474548,0.011562077,0.055178456,0.9332594
its a usefull app for informal office communication.,positive,positive,0.9232673048973083,0.011493868,0.06523881,0.9232673
"facebook face detection doesn't work, so you have to start from scratch. also not enough selection to choose from.",neutral,negative,0.5889081358909607,0.58890814,0.36833492,0.04275699
more than one and add more stuff. (stuff to make the avatar),neutral,positive,0.8575556874275208,0.020559888,0.121884406,0.8575557
i can't play it that sucks,negative,negative,0.9217513203620911,0.9217513,0.063234664,0.015013936
crashes during import htc one m <number>,negative,negative,0.90665602684021,0.906656,0.07997705,0.013366926
does exactly what it says. i like it.,positive,positive,0.8918744325637817,0.0132229505,0.09490258,0.89187443
i think this app is good,positive,positive,0.6003769040107727,0.01801498,0.38160807,0.6003769
great app. free cancellation should be indicated per hotel before booking.,positive,positive,0.8318509459495544,0.04463787,0.123511136,0.83185095
"it's great for pdf, i only wish it supported other book formats like epub or mobi",positive,positive,0.8182930946350098,0.012380992,0.16932589,0.8182931
"stopped working and deleted everything after a week, pretty poor i'd say",negative,negative,0.9290831089019775,0.9290831,0.058670294,0.012246511
"a couple days ago, started telling me it can't attatch the emoji to my texts, that just stinks! i have a galaxys <number>",negative,negative,0.8302504420280457,0.83025044,0.14673477,0.023014832
overall very useful app. i only don't like the fact that also sold-out hotels are shown. can be quite frustrating.,positive,positive,0.6991669535636902,0.014537841,0.28629518,0.69916695
works well. it could have been better if approximate dates were allowed in search form.,positive,positive,0.6650211811065674,0.0129448455,0.32203394,0.6650212
still not as good as it could be!,neutral,neutral,0.8064959645271301,0.06643707,0.80649596,0.12706703
for more information about this review go to <url>,negative,neutral,0.5596383810043335,0.108925834,0.5596384,0.33143577
its been <number> years im using uc browser i gave a feedback that in uc browser we can't download videos directly to sd <url> have given a feedback about this past <number> years back but still uc team have not sloved my <url> service i request google team to please remove this uc browser from google <url> dnt need this kind of careless team ..,negative,negative,0.9554954767227173,0.9554955,0.03444601,0.01005847
awesome app to find any <url> it,positive,positive,0.8320125937461853,0.018086376,0.14990108,0.8320126
ok permissions fix. i've updated and given back two of the four stars i'd dropped.,neutral,neutral,0.7730022668838501,0.061849818,0.77300227,0.16514795
i love the idea but can we get a weekly forest too?? that would be quite motivating!,neutral,positive,0.8573535680770874,0.014013929,0.12863255,0.85735357
it's very good for edit photos and make photos and make a design of any things,positive,positive,0.9011930823326111,0.010669974,0.088136904,0.9011931
"i really love the lightroom software for laptops and other devices, but i don't find the app really convincing when compared to the software as you just miss so many options in the app",neutral,positive,0.5225449800491333,0.031556197,0.44589883,0.522545
"latest version is <number> . <number> . <number> , last updated on <number> th september <number> . uninstalled as abandoned. desktop is already at <number> . <number> .",negative,negative,0.9622239470481873,0.96222395,0.027086303,0.010689735
just click the back button and my tree will still <url> and i don't think i have the whitelist edit- i think your tree only dies when you open another app that isn't on your whitelist or else the list is <url> am i wrong?,positive,negative,0.8674628734588623,0.8674629,0.111722074,0.02081503
adobe products are awsome,positive,neutral,0.4818854033946991,0.4614925,0.4818854,0.056622047
latest update fails to install with 'unknown reason - <number> ',neutral,negative,0.9272151589393616,0.92721516,0.060835745,0.011949118
"the app syncs messages too slowly and marking messages as ""read"" is buggy.",neutral,neutral,0.7325915694236755,0.08548273,0.73259157,0.18192571
"great service, terrible app. the app doesn't seem work with mobile internet which makes it mostly useless.",negative,negative,0.9500558972358704,0.9500559,0.036186628,0.013757479
now <number> % harder to use,negative,negative,0.6985516548156738,0.69855165,0.2453654,0.05608298
marginal but still better than others i have tried.,neutral,neutral,0.8138523101806641,0.043614604,0.8138523,0.14253311
the app doesn't provide multiple tabs at a time. it would be great if its possible.,positive,neutral,0.6141517758369446,0.024884582,0.6141518,0.3609636
good app and uesfull,negative,positive,0.6216175556182861,0.023914224,0.3544682,0.62161756
only hate the <url>,positive,neutral,0.39790964126586914,0.2337175,0.39790964,0.36837283
"i was using it every day and i think it was brilliant, even upgraded to paid version but since last update i haven't been able to access it at all as it keeps crashing. please fix it.",neutral,negative,0.6507688164710999,0.6507688,0.28760472,0.061626513
wont work for saml integration,neutral,negative,0.9484906792640686,0.9484907,0.041649424,0.009859968
good but ads are annoying,neutral,neutral,0.6038048267364502,0.01994633,0.6038048,0.3762488
"app works fine, but it is very disappointing that there is no possibility to just use the map to find available accommodation. you always have to fill a place to search, but mostly i just want to browse and see what's available, regardless of the location.",neutral,neutral,0.6363872289657593,0.019499494,0.6363872,0.34411332
worst app and if it is install u r phone become a virus attack,negative,negative,0.9649354815483093,0.9649355,0.02430678,0.010757685
not what i'd expect from the creators,neutral,negative,0.6854951977729797,0.6854952,0.2840819,0.030422933
"won't leave my facebook, like a <url>",negative,negative,0.9398367404937744,0.93983674,0.0484631,0.01170016
ads is an inconvenient thing so far,positive,neutral,0.6878618001937866,0.22265705,0.6878618,0.08948114
"i like the interface , it's really good. for me, i feel it would be nice to have a look up option when we right-click on words . it's functionality is to link up words to our dictionary apps. <signature>",positive,positive,0.8439939022064209,0.011947528,0.14405856,0.8439939
good but many <url>,positive,neutral,0.6412507891654968,0.024302058,0.6412508,0.33444718
requires photos to be imported into lightroom. i know this has how the desktop version but wish the mobile version was faster and easier to use.,neutral,neutral,0.6921184062957764,0.060792502,0.6921184,0.24708903
miss tabs to move between open docs. otherwise is fab.,positive,neutral,0.6909307837486267,0.07648847,0.6909308,0.23258078
"they stole from me i wanted a refund and because the manager of the hotel i chose treated me indifferently all because i wasn't <number> and so i emailed their "" <number> hour customer service"" and never got helped. lost $ <number> . don't use this app it is a trap.",negative,negative,0.9659346342086792,0.96593463,0.024085563,0.009979828
my ag fans love the photos i do,positive,positive,0.909334123134613,0.022887906,0.067777954,0.9093341
this app would be perfectly awesome if it worked with the keyboard on my tablet so that i could use it in facebook when i <url> without white backgrounds,neutral,positive,0.665763258934021,0.024772976,0.3094637,0.66576326
"why my friends can retract or delete their messages, while i can't? i don't know what bb phone or android they have.",neutral,neutral,0.6096926331520081,0.28763315,0.60969263,0.10267425
it sucks non free things to choose from,negative,negative,0.9581831693649292,0.95818317,0.03193775,0.009879188
this is very good app for downloading,positive,positive,0.8487517237663269,0.012174631,0.13907363,0.8487517
not accurate information all the time,neutral,neutral,0.7538700699806213,0.15108795,0.75387007,0.09504197
cannot show my reserved bookings,negative,negative,0.7388113141059875,0.7388113,0.23548014,0.025708446
i love this app,positive,positive,0.4770764112472534,0.18817759,0.33474594,0.4770764
my company forces me to use this app.,neutral,negative,0.9574827551841736,0.95748276,0.030803157,0.011714039
it's hard to cancel a booking when <url> to use,neutral,neutral,0.7489818930625916,0.17103341,0.7489819,0.079984635
won't open email attachments,negative,negative,0.9596843123435974,0.9596843,0.031204175,0.00911154
couldn't find a better suited search app. compliments to the team. trivago couldn't find these many options.,positive,negative,0.673723578453064,0.6737236,0.29122353,0.03505289
"simple to use, don't seem to be able to see complete booking information",positive,positive,0.572382926940918,0.035151634,0.3924654,0.5723829
absolutely one of the <signature>,positive,positive,0.9142163395881653,0.016279874,0.06950378,0.91421634
i like the reading mode specially. but sometimes it crashes.,positive,positive,0.6285180449485779,0.028795883,0.34268603,0.62851804
sounds and digital mixer cansol,positive,positive,0.6729074120521545,0.06126954,0.26582307,0.6729074
"lacks a lot of basic features such as bookmarks and ""goto page"". thinkoffice does a better job.",negative,neutral,0.8013659119606018,0.12981585,0.8013659,0.06881819
much better than asana,positive,positive,0.7094587683677673,0.044015195,0.24652606,0.70945877
better on my windows phone,negative,neutral,0.5081785321235657,0.101751275,0.50817853,0.39007017
it's good but always show on screen when i switch on my home screen,neutral,positive,0.5558314323425293,0.012773465,0.43139514,0.55583143
this app is my go to when i need to know about the weather.,positive,positive,0.8736384510993958,0.026492037,0.09986955,0.87363845
"okay but not great, and not really improving",neutral,neutral,0.8368483185768127,0.036483034,0.8368483,0.12666857
it should have pause option,neutral,neutral,0.7353055477142334,0.043643694,0.73530555,0.22105078
"all is good in this app except i couldn't see any hdr option while clicking photos, may be since i use oneplus one, which also has high processing power and advanced chipset enough to support this app. so they should support many more devices like this! hope the support arrives in next update itself.",neutral,neutral,0.5967302918434143,0.02046654,0.5967303,0.38280314
"professional app , useful for office purpose , easily connect to office by mobile but too much heavy unable to send messages on slow network.",positive,positive,0.8588734269142151,0.01742911,0.12369744,0.8588734
update is not starting after clicking on update button,negative,negative,0.7205461859703064,0.7205462,0.24713533,0.032318424
hate it since the update,negative,negative,0.9487320184707642,0.948732,0.039734162,0.011533845
tired of getting ripped off.,negative,negative,0.701591432094574,0.70159143,0.2599031,0.038505442
had to sleep in the truck!,negative,negative,0.8903664350509644,0.89036644,0.09104848,0.018585114
radar stopped working. i would've given <number> star rating if it worked.,negative,negative,0.9261730909347534,0.9261731,0.059650153,0.014176814
worst experience in goa,negative,negative,0.961592972278595,0.961593,0.028236639,0.010170412
like it because it syncs better,positive,positive,0.860699474811554,0.013614782,0.12568575,0.8606995
i can connect to my friends.,positive,positive,0.8820444345474243,0.015106992,0.10284858,0.88204443
i love this app,negative,positive,0.4770764112472534,0.18817759,0.33474594,0.4770764
fantastic app for downloading and easy to use,positive,positive,0.9218380451202393,0.011527129,0.06663483,0.92183805
"unable to change alert sound. not in options. unable to enable alerts per channel, on all or keywords and direct. closer to a beta than an app.",negative,negative,0.8949229717254639,0.894923,0.09105473,0.014022339
so much fun! makes people laugh.,positive,positive,0.8844298720359802,0.020850947,0.09471913,0.8844299
similar to all other photo editing apps. doesn't stand out from ythe rest.,neutral,neutral,0.7094017863273621,0.1481202,0.7094018,0.14247803
the quality of display picture is so bad,neutral,neutral,0.5527709722518921,0.37569383,0.552771,0.07153514
this app is very fast,neutral,positive,0.8551763892173767,0.022720452,0.12210322,0.8551764
dear friends do not install this browser. this browser is pathrtic <url> will ads and ads on this .really annoying,negative,negative,0.8544716835021973,0.8544717,0.12548001,0.02004833
please fix so i can type!,negative,neutral,0.6670346260070801,0.13432121,0.6670346,0.19864415
able to provide sufficent info regarding hotel that want to be rent,positive,positive,0.6790244579315186,0.02120601,0.2997695,0.67902446
they make you pay to create an account!! this is outrageous.,negative,negative,0.9626744985580444,0.9626745,0.025103753,0.012221734
"it's a great concept for assosiating a reward to focus for those of us who struggle; however, my tree withers when someone phones me and i don't answer which is obviously a piss off.",positive,positive,0.6723429560661316,0.023166362,0.30449072,0.67234296
really a very good app,positive,positive,0.8333090543746948,0.016010065,0.15068087,0.83330905
awesome app! it will be better if you sync all your timers on your phones and chrome/mozilla extension. because i have to start to plant on my <number> phones and my browers when i'm working when you can do it just once and all your timers will start automatically. i hope you do it!,positive,positive,0.876197338104248,0.015374808,0.10842789,0.87619734
this app is very nice,positive,positive,0.8149511814117432,0.015450498,0.16959827,0.8149512
"this app is super cute! my only complaint is that there is no piercing section! i have <number> piercings and would really like to at least have a nose ring! or maybe earrings? also think you should be able to customize outfits, like pick a shirt, bottoms, and shoes! instead of just the premade outfits.",positive,positive,0.8862128257751465,0.013631668,0.100155465,0.8862128
"app is okay but has superfluous things that i will never use. including every option is okay but the ideal app would allow for complete customization of components and page information that is pertinent to the user and where they are located. additionally, collecting metrics on what users actually use versus what is weak allows for improved development of the weaker app areas. that said, i have used this app for a long time with little cause for complaint.",neutral,neutral,0.5651169419288635,0.021159219,0.56511694,0.41372383
could you please add an option for exporting photos using the png format? it would be very handy.,neutral,positive,0.7528558969497681,0.01368828,0.23345587,0.7528559
i like the reflow feature. but useless for me as i can't search nor skip to a specific page (have to scroll through entire books),negative,neutral,0.710942804813385,0.036940318,0.7109428,0.2521169
"simple yet effective. would be great if the app had more customisation options like moving the plants around, changing the colour etc.",positive,positive,0.8133149743080139,0.011854016,0.17483096,0.813315
uc brouser is <signature>,positive,positive,0.46355047821998596,0.18901767,0.3474319,0.46355048
not starting since last update. please see to it. i gave <number> star so you can quickly check my issue. my phone is note <number> neo n <number>,positive,neutral,0.5679351091384888,0.31490773,0.5679351,0.11715715
doesn't work properly on nova launcher,neutral,negative,0.9277080297470093,0.927708,0.061673846,0.010618144
"useful, informative and helpful <signature>",positive,positive,0.9336186051368713,0.013813866,0.052567486,0.9336186
still no floating head!! disappointed,negative,negative,0.5639336109161377,0.5639336,0.39514816,0.040918276
this app sucks now,negative,negative,0.9666828513145447,0.96668285,0.022445738,0.01087136
it can't find my photos,negative,negative,0.9150205254554749,0.9150205,0.071881875,0.013097678
what happened to my little shortcut!? or used to stay open in all my messaging <url> now it's gone!!,negative,negative,0.8217861652374268,0.82178617,0.15306783,0.025145993
stable and functional but not totally user friendly.,neutral,positive,0.5765235424041748,0.014399452,0.40907702,0.57652354
this is good <url>  downloading movies but many. ads are come in between browsing,neutral,neutral,0.5992238521575928,0.018060176,0.59922385,0.38271597
i don't like the company not the app,negative,neutral,0.5068279504776001,0.3397151,0.50682795,0.15345699
"great app but would love to have better clothing styles. maybe peacoats, pencil skirts etc. <signature>",positive,positive,0.9145113825798035,0.0132038975,0.07228468,0.9145114
radar map will not move. it hasn't been accurate either.,negative,negative,0.9496381878852844,0.9496382,0.03996175,0.010400121
"simplistic, designed to exceed expectations and overcome limitations.",positive,neutral,0.5357585549354553,0.04463684,0.53575855,0.41960457
<url> sometimes it's gone <url> hate slow,neutral,negative,0.52422034740448,0.52422035,0.39152575,0.08425389
"i would use it more but i dont like that it has to start a new message, would be better if it would just add to the convo on the screen",neutral,neutral,0.7174224257469177,0.041470688,0.7174224,0.24110693
very bad app. it is forcing to instal. i think it is a virus.,negative,negative,0.9661915302276611,0.96619153,0.024347281,0.009461221
better if no trial period and unlimited use for free,positive,neutral,0.4923151433467865,0.049595397,0.49231514,0.45808944
great but needs presets access,neutral,positive,0.8603808283805847,0.012920575,0.12669855,0.8603808
each time it simply keeps saying that my phone has <url> disgusting,negative,negative,0.8610597848892212,0.8610598,0.11690008,0.022040132
keeps documents in line. i really like this application!,positive,positive,0.8847562670707703,0.018906403,0.09633726,0.88475627
anyone video download stop and very slow download,negative,negative,0.6974819898605347,0.697482,0.27347425,0.029043768
used to work but no longer does. writing this review while my is growing :/,neutral,negative,0.7534074187278748,0.7534074,0.2211535,0.025439003
limited options but fun,neutral,neutral,0.707567036151886,0.027042983,0.70756704,0.26538998
would give better but have'nt used much yet,negative,neutral,0.6966598033905029,0.035072822,0.6966598,0.26826742
"app ok, but temp doesn't update in notification bar",neutral,neutral,0.858526349067688,0.030216338,0.85852635,0.11125732
no way to redeem tickets.,neutral,negative,0.9630153179168701,0.9630153,0.026359657,0.010625014
"silly app , it would let me open google while it will kill the plant if i open calculator or dictionary",negative,negative,0.8460080623626709,0.84600806,0.12433868,0.029653328
"wow, such a pos!",negative,positive,0.6141226887702942,0.061944082,0.3239332,0.6141227
is a great app but since the update a couple of days ago i can't get radar to work. tried uninstalling and reinstalling but doesn't work.,positive,neutral,0.6910472512245178,0.047939535,0.69104725,0.2610132
"i hate start up with system, i don't use it frequently",negative,negative,0.9071542024612427,0.9071542,0.07550587,0.017339876
push notifications not working,negative,negative,0.6267908215522766,0.6267908,0.3403789,0.032830227
good combination with acrobat reader. it's quite clear,positive,positive,0.8772270083427429,0.009638378,0.113134645,0.877227
nice. update it to be more digital. very clear,positive,positive,0.8636558651924133,0.012157548,0.12418665,0.86365587
nice but sometimes hanging,positive,neutral,0.5356636047363281,0.017531961,0.5356636,0.44680446
still getting to know it,positive,neutral,0.684967041015625,0.13938046,0.68496704,0.17565253
i use it for reading articles and it's fine. would be useful to be able to open two articles at once for cross reference but otherwise happy with the app,positive,positive,0.8745362758636475,0.0100639295,0.115399756,0.8745363
its better than others,neutral,positive,0.6328660845756531,0.020530757,0.34660316,0.6328661
does not work. in play store not listed as trial .come on adobe you stop down loads from your services now products do not work and listed as free we hen really a trial,negative,negative,0.9689227938652039,0.9689228,0.021479,0.0095982235
almost a good editor,positive,positive,0.5414991974830627,0.020167822,0.43833292,0.5414992
not able to download new <url>,neutral,negative,0.8750187754631042,0.8750188,0.10789509,0.017086105
"so i create a pdf using an adobe program, then send it to my phone to see what it looks like, but it won't open! pretty lame if you ask me.",negative,negative,0.7370245456695557,0.73702455,0.23512478,0.027850585
sometime can't change display picture at asus zenfone <number> . please fix,negative,neutral,0.6900036334991455,0.12994742,0.69000363,0.18004894
really nice concept but on android it just keeps hanging and eventually crashing.,negative,neutral,0.6880073547363281,0.0733483,0.68800735,0.23864433
doesn't work on my phone. always error,negative,negative,0.9587239027023315,0.9587239,0.03298458,0.008291495
slackbot opens every time i start to type a reply in the app. started happening with the last update (note <number> ). why can't we disable slackbot? <number> star until we get this ability.,negative,negative,0.7687575221061707,0.7687575,0.19552623,0.03571619
"complex app that covers all sorts of things related to travelling, maybe too many",positive,positive,0.8554978966712952,0.025187843,0.11931424,0.8554979
great and more awesome,positive,positive,0.9110946655273438,0.023369139,0.06553621,0.91109467
not what i asked for,negative,negative,0.8336549401283264,0.83365494,0.14445403,0.021890962
i wish you would show canadian maps,neutral,neutral,0.5143710970878601,0.03748768,0.5143711,0.44814122
you don't allow to take in-app screenshots?,neutral,negative,0.694524347782135,0.69452435,0.25905725,0.04641838
how about date birth,negative,neutral,0.637143611907959,0.114739254,0.6371436,0.2481172
"works great, other then not being able to delete content directly from phone.",neutral,positive,0.6684151887893677,0.03461025,0.2969746,0.6684152
can't copy/paste or add keyboard to android,negative,neutral,0.6977589726448059,0.2336262,0.697759,0.06861479
can't even create a account tried more than <number> times,negative,negative,0.96291583776474,0.96291584,0.02733998,0.009744127
fast and good but missing features.,neutral,positive,0.569938600063324,0.017966889,0.4120945,0.5699386
cannot get rid of floating head in my messages and it's driving me mad. i've had to uninstall the app to get rid of it &gt;:-/,negative,negative,0.9094937443733215,0.90949374,0.077970356,0.012535951
"love this app. i use it to study, but i answered a phone call and it wilted my tree. i can't really help when i receive phone calls. this one had to be answered and now i have to look at a wilted tree in my beautiful forest. i am upsetti spaghetti since i'm a perfectionist",positive,positive,0.7739607095718384,0.027355667,0.1986836,0.7739607
this app is slowly work,neutral,negative,0.5827434062957764,0.5827434,0.35454848,0.06270808
no instructions on how to delete files/pages viewed.,neutral,neutral,0.6534662842750549,0.30277333,0.6534663,0.04376035
it helps a lot.,positive,positive,0.8387829065322876,0.0153105045,0.1459066,0.8387829
"need to improve performance, usablity, and <url>",neutral,positive,0.5001329779624939,0.03276381,0.46710318,0.500133
multiple image share option is missing,neutral,neutral,0.5289267301559448,0.052246723,0.52892673,0.41882655
"i like the functions, but",neutral,neutral,0.524787187576294,0.026770871,0.5247872,0.44844198
why don't you just block us all?! =d =d =d,negative,negative,0.6423892974853516,0.6423893,0.2943145,0.063296214
easy to find hotel,neutral,positive,0.8310529589653015,0.015318164,0.15362886,0.83105296
"if unexpected crashes negleted, it is so far the <signature>",positive,positive,0.5809248089790344,0.048466958,0.37060815,0.5809248
used to love it,negative,negative,0.8539144396781921,0.85391444,0.12623248,0.01985312
"i love this app but with the latest update it died when i used a white listed app, and when i checked my whitelist i couldn't scroll through or change anything which was weird. plz fix this and add more trees!",positive,positive,0.7624643445014954,0.028191172,0.2093445,0.76246434
very good mobile phone photo editor,positive,positive,0.8532164096832275,0.014625934,0.13215761,0.8532164
keeps telling u to turn on the access then brings u to the settings page and even aft you check all the boxes doesnt take you back to the app. and continues to keep popping up disrupting phone usage. app doesnt work properly,negative,negative,0.9227569103240967,0.9227569,0.06564157,0.011601547
app is faster but stucks mobile pleas fix it up,positive,neutral,0.6626372933387756,0.14640838,0.6626373,0.19095427
"should have ""seen"" feature",neutral,neutral,0.7431700825691223,0.083815075,0.7431701,0.17301486
"can not zoom in or out, plis fix",neutral,negative,0.7081353664398193,0.70813537,0.26455384,0.027310811
nice idea and interface but finding friends doesn't work on android,neutral,neutral,0.7213491797447205,0.046891704,0.7213492,0.23175909
white list is so frustrating!,negative,negative,0.7075507044792175,0.7075507,0.26381582,0.028633498
need <url> saving to gallery issue adding photo issue,neutral,neutral,0.7362468242645264,0.090930216,0.7362468,0.17282286
the live doppler doesn't work since i updated,negative,neutral,0.48273423314094543,0.456855,0.48273423,0.06041072
very ugly and difficult to use platform. i do not suggest it. very bad,negative,negative,0.9615789651870728,0.96157897,0.028499875,0.00992116
recent update be unstable and loading so late,neutral,negative,0.6392901539802551,0.63929015,0.32723317,0.0334767
would give <number> stars if you blocked the facebook messenger bubble as well,positive,neutral,0.5722815990447998,0.05622096,0.5722816,0.3714974
it's a good overall weather app. do miss the traffic cam.,positive,positive,0.7491564750671387,0.010675184,0.24016827,0.7491565
really hard to navigate.,neutral,negative,0.8864278197288513,0.8864278,0.098040834,0.01553132
they don't refund difference if room is cheaper,negative,neutral,0.49401575326919556,0.42961323,0.49401575,0.076371
"works most of the time. freezes sometimes while trying to open a document, but just restart the app and it's good to go.",positive,neutral,0.7248765230178833,0.054181322,0.7248765,0.22094218
my friend show me it on tumbler it's amazing <signature>,positive,positive,0.9080199599266052,0.014700982,0.077279106,0.90801996
would of gave it <number> stars if i could. i just figured out that this app was using <number> % of my battery life and i never even use the app. sucks really bad.,negative,negative,0.889306902885437,0.8893069,0.091744356,0.018948788
"you ruined the icon, we said ok. now you are ruining the background color too. stop changing, no one was complaining!",neutral,negative,0.8429068922996521,0.8429069,0.13289927,0.02419382
should have been a <number> star but why's the android version lacking local adjustments that the ios version has. i can understand that there may be delays among platforms but it's already <number> months behind!,neutral,neutral,0.700768232345581,0.18823442,0.70076823,0.11099731
nothing i want from this app,negative,negative,0.9480181932449341,0.9480182,0.039613973,0.012367918
so great until today,negative,negative,0.5665856003761292,0.5665856,0.3259814,0.10743297
it would be nice if it had it on like whatsapp for android but you have to download another app to access that <url> yeah but it's good,positive,neutral,0.6046320199966431,0.015649615,0.604632,0.37971833
high quality images turns into low quality,neutral,neutral,0.6680666208267212,0.22931528,0.6680666,0.10261804
"it doesnt work, the screen flashes on and off and it wont open",negative,negative,0.963155210018158,0.9631552,0.027339937,0.009504898
no retract in options,neutral,neutral,0.7358478307723999,0.17684855,0.73584783,0.08730359
last position read somewhat flawed,neutral,neutral,0.6958627104759216,0.18952641,0.6958627,0.11461095
get <number> days free trial. nice. to try it i need to be able to access photos that store to my sd card. i do that so i have room on my phones internal drive. waste of time,negative,negative,0.6729403734207153,0.6729404,0.26401067,0.06304905
does not support to open pwd protected document,neutral,negative,0.7588700652122498,0.75887007,0.21654639,0.024583628
got rid of the irc gateway. this was why we used slack. uninstalled.,negative,negative,0.955350935459137,0.95535094,0.03374774,0.010901353
more theme and customization <url>,positive,positive,0.8977519869804382,0.021247791,0.08100018,0.897752
some items don't work!,neutral,neutral,0.7548713088035583,0.14555219,0.7548713,0.099576466
map animation still has bug.,negative,neutral,0.6365300416946411,0.28547037,0.63653004,0.07799959
"ignores some files, loads a few others",neutral,neutral,0.7100196480751038,0.23317434,0.71001965,0.056805983
it's not as good as it used to be,neutral,neutral,0.6781824231147766,0.25662786,0.6781824,0.06518971
"good, but needs things",positive,neutral,0.6886915564537048,0.015844293,0.68869156,0.2954642
not working properly on samsung galaxy a <number> .,negative,negative,0.9251835942268372,0.9251836,0.06279515,0.012021372
views pdfs better then stock app but it doesn't see pdf's on sd card,negative,neutral,0.7556054592132568,0.14945337,0.75560546,0.09494112
no way to get rid of ads on terrible screen layout.,negative,negative,0.9592987298965454,0.95929873,0.030507049,0.010194163
required an account. i want an app to edit pictures on my phone. the online storage and synchronization should be an optional feature; not a requirement.,negative,neutral,0.6699936389923096,0.27371728,0.66999364,0.05628901
ok with local weather love the thunder part of the app,positive,positive,0.6056568026542664,0.017665189,0.376678,0.6056568
trivago the tru app,neutral,neutral,0.5167843699455261,0.1802105,0.51678437,0.3030052
add a floating notification,positive,neutral,0.6231523752212524,0.08407228,0.6231524,0.29277533
why i can not share video on bbm group; too many update but no significant effect,negative,neutral,0.793213427066803,0.13869548,0.7932134,0.068091094
limited options for search,negative,neutral,0.8064764738082886,0.05953862,0.8064765,0.13398486
good for messaging not for calls,neutral,neutral,0.7703557014465332,0.064092085,0.7703557,0.16555224
"it's available when i need it and it's more accurate than other weather apps i've tried. update(jan <number> ) <url> recent california winter has been crazy, and frankly this app has let me down with inaccurate forecasts for most of it. comparatively, the google now app is more accurate. maybe the sensors in my area are just bad. when it's fixed, i revisit my review.",neutral,neutral,0.518254816532135,0.03340415,0.5182548,0.44834104
you could add a bit more features. birthmarks scars moles etc,positive,positive,0.5175279974937439,0.024994446,0.45747754,0.517528
i am using it before <number> years,positive,neutral,0.4397745430469513,0.29723394,0.43977454,0.26299146
like many sites if you visit a chosen hotel more than once or twice the price rises!,neutral,positive,0.850869357585907,0.019263249,0.12986739,0.85086936
amazing experience so far with this. iam being familiar with it.,positive,positive,0.9101459980010986,0.015731633,0.07412236,0.910146
doesn't save properly half the time and definitely could use some more filters.,negative,neutral,0.715819776058197,0.23474765,0.7158198,0.049432628
why is the iphone app so much better!,negative,neutral,0.4719895124435425,0.43033287,0.4719895,0.097677685
"browser not opening sites, it just ideal.",negative,neutral,0.6839753985404968,0.10420855,0.6839754,0.21181612
"continuous crashing, won't even open now.",negative,negative,0.9541670083999634,0.954167,0.033936057,0.01189683
they forced me to rate them so i docked a star.,neutral,negative,0.9593911170959473,0.9593911,0.029378468,0.011230364
lame. doesnt work for samsung intercept,negative,negative,0.9591183066368103,0.9591183,0.03219214,0.008689539
of mice and man,negative,negative,0.6668469309806824,0.66684693,0.25800738,0.07514569
only thing missing is custom notification,positive,positive,0.6807077527046204,0.044112734,0.27517956,0.68070775
video cant open after click tha video,negative,negative,0.9058024287223816,0.9058024,0.07970194,0.014495684
weather animation has stopped and will not start. has been off nearly <number> weeks.,negative,negative,0.9218409657478333,0.92184097,0.066389814,0.01176919
"i just came here because this app was featured on silicon valley, looks like a great app with an attractive interface.",positive,positive,0.847912073135376,0.02256604,0.12952186,0.8479121
it's okay except for i have a lg phone and it doesn't work that well with the lg phone,positive,neutral,0.8388999700546265,0.02247116,0.83889997,0.13862887
cannot open or detect image file imported from nikon <number> j <number> camera which has .jpeg <url> i had to convert it first or use another photo app editing and save <url> so lightroom could detect the file <url>,neutral,neutral,0.5518273711204529,0.3980205,0.5518274,0.050152097
having trouble downloading the app,negative,neutral,0.5886883735656738,0.34187856,0.5886884,0.06943312
i can't sent it through my messages to my contacts. only through facebook and that is absolutely ridiculous. this app sucks,negative,negative,0.9639579653739929,0.96395797,0.026822824,0.009219226
very quickly reservation done.,positive,positive,0.8798252940177917,0.02446747,0.09570722,0.8798253
<salutation> please give setting to turn it off,negative,positive,0.5885725617408752,0.073193066,0.33823436,0.58857256
fantastic app to track lighting! the rest of the app is the same as any other really. but in fairness i do not use the rest of the app.,positive,positive,0.827020525932312,0.014369015,0.15861042,0.8270205
service is good but app is not much android oriented,neutral,neutral,0.7968436479568481,0.045092717,0.79684365,0.1580637
this app is better,neutral,neutral,0.4386921525001526,0.25502148,0.43869215,0.30628636
the improvement are a lot better but it would be nice to be able to send large mp <number> or mp <number> files via bbm.,positive,neutral,0.49378323554992676,0.021399418,0.49378324,0.48481736
viuggg hang with my life in your help me a lot and then you have any attachments may contain information contained herein including attachments if it would love the way i will have been sent me a new one day i was thinking about my life in your,positive,positive,0.64152592420578,0.035930034,0.32254404,0.6415259
can't get to work for motorola droid,negative,negative,0.9283884763717651,0.9283885,0.059762202,0.011849403
bad for the aap is hanging,neutral,negative,0.929192841053009,0.92919284,0.05762007,0.013187036
its really <url> though remove the trial days remaining,positive,neutral,0.5625225305557251,0.06776606,0.56252253,0.3697114
horrible radar. constant storm alerts with no storms around,negative,negative,0.955232560634613,0.95523256,0.033646055,0.011121407
cool idea pain da butt to use then at times wont work <url>,negative,neutral,0.5637684464454651,0.3714496,0.56376845,0.06478195
new update v <number> . <number> crashes all the time,positive,negative,0.9515246748924255,0.9515247,0.038001396,0.010473975
"it's okay (at least, freebies now included) <url>",neutral,neutral,0.7765308618545532,0.017511377,0.77653086,0.20595776
only <number> stars since it will not let me delete any files. please fix.,neutral,neutral,0.5662152767181396,0.19637412,0.5662153,0.23741059
does what it is supposed to do and does it well.,positive,positive,0.8240097761154175,0.019005245,0.15698503,0.8240098
"very useful, but has a few annoyances",positive,positive,0.6089309453964233,0.016147772,0.37492126,0.60893095
can't download <url>,negative,negative,0.8578110337257385,0.85781103,0.12670983,0.015479139
"generally a good pdf viewer. i love the reading mode that reflow text and adjust font for better reading experience. the only problem, or i should call it a bug, is that it seems like this mode hates to see <number> letters ""f"" & ""i"" being together. for words like ""find"", ""first"", ""prefix"", etc. you will see only ""nd"", ""rst"", ""prex"", etc.",positive,positive,0.7669044733047485,0.014199469,0.21889609,0.7669045
no support for paid ad-free version,neutral,negative,0.8374782800674438,0.8374783,0.13830498,0.024216764
i like this app,positive,positive,0.7868256568908691,0.036388673,0.17678572,0.78682566
used to use it for studying but after reacent update it won't open. please fix,neutral,negative,0.7924509644508362,0.79245096,0.18155377,0.025995288
last update is a disaster,negative,negative,0.8524103164672852,0.8524103,0.11893367,0.028656004
would be better if emoji's didn't disappear when new ones are added,neutral,neutral,0.6331616640090942,0.025977045,0.63316166,0.34086123
good for basic stuff,neutral,neutral,0.598141074180603,0.02395645,0.5981411,0.37790254
fun but android needs more options!!,neutral,positive,0.5921440720558167,0.01895648,0.38889948,0.5921441
"the usual mediocre bare bone pdf reader from adobe, totally lacking in functionality. repligo reader is better",negative,neutral,0.7348744869232178,0.19299956,0.7348745,0.07212593
stays open in background,negative,neutral,0.6884289383888245,0.18293568,0.68842894,0.12863536
it's actually helpful.,positive,positive,0.5346854329109192,0.014784024,0.45053053,0.53468543
good enough and satisfied result <url> its quite good aap,neutral,positive,0.692320704460144,0.013800497,0.29387876,0.6923207
why songs are not downloading from the websites. there is always showing error. whenever i download some song. pls fix this bugg,neutral,neutral,0.4831448495388031,0.46223462,0.48314485,0.054620516
booking is simple and straight forward.,positive,positive,0.512353777885437,0.052784517,0.4348617,0.5123538
"a really good and practical app, however like every other app it still has room for improvement!",positive,positive,0.8859907388687134,0.011904356,0.10210497,0.88599074
excellent pdf viewer rendered unusable by the inability to jump to a page and by the fact that it doesn't remember where you were or bookmarks.,negative,neutral,0.5376381278038025,0.034780804,0.5376381,0.42758104
good site but still faceing issue with hotel even we confirm through app,positive,positive,0.5390748381614685,0.020263618,0.44066152,0.53907484
it took forever to download,neutral,neutral,0.6058833003044128,0.2939613,0.6058833,0.10015542
i've started using the lightroom camera to take all my photos in raw (dng) and i've noticed today that while out at <number> : <number> on <number> / <number> / <number> and taking pictures the time and date stamp on the images says <number> : <number> <number> / <number> / <number> . what's all that about? i can't change it so where does it get it's info from? also the preview does not show the correct colour. it does when using the slider but as soon as i let it go the image reverts back to a almost black and white.,neutral,neutral,0.694546639919281,0.21856005,0.69454664,0.086893335
it's cute for younger people but i use it some. i'm <number> yrs old.,positive,positive,0.7642253041267395,0.013321318,0.22245337,0.7642253
"i had login throught google + <url> but i changed my mind and wanted to login through <url> so, i logged out !!! now, i cannot login back. the app is going back to registration page with the option to login to facebook !!! please look into the solution for this !",neutral,negative,0.8474154472351074,0.84741545,0.12766404,0.024920516
please could we have the option to install to sd card. what is the point in having a large sd card if it doesn't even get used,negative,neutral,0.7109797596931458,0.12844296,0.71097976,0.16057725
wont open at all,negative,negative,0.9090973734855652,0.9090974,0.07767426,0.013228329
good stickers allow users to express better. how come i cannot use bbm calls?,neutral,positive,0.5376712679862976,0.019111594,0.44321713,0.53767127
why pr have no radar????,negative,negative,0.5562647581100464,0.55626476,0.37189376,0.071841516
before it can connect even the signal is weak now it needs more signal to connect,neutral,neutral,0.48908308148384094,0.445243,0.48908308,0.06567394
radar maps are all wrong,negative,negative,0.9426021575927734,0.94260216,0.045154292,0.012243538
it is fast downloading app,positive,positive,0.8754510879516602,0.012637961,0.11191095,0.8754511
make it a zoo or fish tank,positive,positive,0.6912575960159302,0.04903695,0.25970545,0.6912576
waah!!! so nice app,positive,positive,0.7953739166259766,0.015008629,0.18961753,0.7953739
why pay that price for tablet use,negative,negative,0.757269561290741,0.75726956,0.19255322,0.05017719
good bit doesn't have the choices in search section for type of rooms such as not-smoking or soundproof ones or double-room etc.,positive,neutral,0.7885326147079468,0.03491852,0.7885326,0.17654882
too slow at times,neutral,neutral,0.7219154834747314,0.1447131,0.7219155,0.13337147
it's very easy to use and all types of format documents easily opened,positive,positive,0.9168981909751892,0.011299906,0.071801946,0.9168982
can not sign in,negative,negative,0.9400782585144043,0.94007826,0.04964502,0.010276702
it makes team communication highly open and accessible,positive,positive,0.9397004246711731,0.014549319,0.045750245,0.9397004
when message is being sent it takes time to be received,neutral,neutral,0.7016919851303101,0.2111291,0.701692,0.087178946
pretty accurate for the most part i think,positive,positive,0.8905723094940186,0.010532477,0.09889517,0.8905723
spark is about the only good thing,neutral,neutral,0.6578366756439209,0.094628215,0.6578367,0.24753505
broke the upload photo feature,negative,negative,0.509671688079834,0.5096717,0.400041,0.090287246
best app but suggest download stop,positive,positive,0.5740281343460083,0.023168417,0.4028035,0.57402813
some hotels are a bit shady,neutral,neutral,0.7782599329948425,0.057486214,0.77825993,0.16425386
its fun to see you're own emoji !,neutral,positive,0.6588417887687683,0.015516127,0.32564205,0.6588418
its not so great as i expected it to be,neutral,neutral,0.8346953988075256,0.06353549,0.8346954,0.101769045
keeps going down n the ads r anoying,negative,neutral,0.5555874109268188,0.38268423,0.5555874,0.061728343
it was good enough until i can't change my display picture,negative,neutral,0.6776230931282043,0.02930386,0.6776231,0.293073
it's a trial. editing feature not impressive.,positive,neutral,0.5730525255203247,0.044173803,0.5730525,0.3827736
love it <url> great job <url>,neutral,positive,0.6686848998069763,0.055142477,0.2761726,0.6686849
used to be good,negative,negative,0.8540948629379272,0.85409486,0.1264046,0.019500488
very good and useful app,positive,positive,0.9264779090881348,0.014371386,0.05915066,0.9264779
"the app will no longer let me delete locations. uninstalled, and reinstalled and they are still there. frustrating.",neutral,negative,0.9364328980445862,0.9364329,0.052803963,0.010763125
"buggy, ambigue and less features",negative,neutral,0.7585176229476929,0.049553696,0.7585176,0.19192868
"this has helped my productivity a lot. i've only recently started experiencing issues with it. before, the app used to count extra time i went without using my phone even after the <number> min mark. it was really gratifying to see how much longer i was able to last + it contributed to my forest and my overall focus count. but now it isn't doing that? so it kind of discourages me from continuing to work past the sound of the timer even if i feel like i could. if it's possible, please do something about that.",neutral,neutral,0.48600390553474426,0.036112085,0.4860039,0.47788408
"zooming slow, okay otherwise",neutral,neutral,0.8375449180603027,0.062243246,0.8375449,0.10021187
"fix zoom in attached images! it doesn't work first <number> seconds the image open, and for gif it doesn't work at all. and is that tat hard to add rotation you've ""planned to add"" a year ago? where's a font size setting or guesture scale sor chat?",neutral,neutral,0.6669963002204895,0.22443774,0.6669963,0.10856595
when will the local adjustments tool be disponible for android users?? hope it's included on the next actualization !!,positive,neutral,0.5555519461631775,0.05003445,0.55555195,0.39441353
just started using it !,positive,negative,0.6488920450210571,0.64889205,0.26620182,0.084906116
so cute. wish it were easier to access via other apps,positive,positive,0.8212772011756897,0.013955335,0.16476752,0.8212772
really like the way this app has evolved from it's first version. please add android wear notification service asap. its really easy to add and people are badly missing it.,positive,positive,0.7746102809906006,0.020351946,0.20503774,0.7746103
"good on mobile devices ,simply good on move",positive,positive,0.5501310229301453,0.019229213,0.43063974,0.550131
need to avoid unwanted ads and also enhance the downloading speed. overall nice app.,positive,positive,0.8372568488121033,0.0100840675,0.15265906,0.83725685
"i really like this app and is what i go to when i start loosing concentration. i wish there were more stats and plant types, also more beautifully animated and things that change <url>",positive,positive,0.9039871096611023,0.014129096,0.0818838,0.9039871
was <url> now radar broken,negative,negative,0.8889442086219788,0.8889442,0.08530206,0.025753736
booking bait and switch,negative,negative,0.917238175868988,0.9172382,0.06353112,0.019230757
this seems like it would be cool,negative,neutral,0.6112561225891113,0.026886847,0.6112561,0.36185706
cannot see my photo's on device,negative,negative,0.7506925463676453,0.75069255,0.22820131,0.021106146
so far so good!! i love it.,positive,positive,0.8852252960205078,0.016339531,0.09843524,0.8852253
"such an intrusive browser, coming from china. it can't be trusted with your online activities. indians, be aware.",negative,negative,0.9043653607368469,0.90436536,0.07778122,0.01785347
hi i download this app he is the very good app,positive,positive,0.8582527041435242,0.022346903,0.11940044,0.8582527
where is the download process,positive,neutral,0.6217267513275146,0.15735577,0.62172675,0.22091748
brill so easy to use,positive,positive,0.686188280582428,0.024776837,0.28903487,0.6861883
the app isn't working on the note <number> . i'll update my review if/when it works.,negative,negative,0.8423900008201599,0.84239,0.13963689,0.017973067
"""you have cancelled your entire <url> ""???",negative,negative,0.9424832463264465,0.94248325,0.04413166,0.013385011
it good for local german reports nearly as good as <url>,positive,neutral,0.5011638402938843,0.01628017,0.50116384,0.482556
does what i need it to,neutral,positive,0.7884769439697266,0.018459698,0.19306332,0.78847694
it's good for communication,neutral,positive,0.7291965484619141,0.011304093,0.25949937,0.72919655
it sometimes sends the wrong <url>,neutral,negative,0.6381138563156128,0.63811386,0.31963396,0.04225217
please add the feature of sharpen and blur,neutral,positive,0.7258968949317932,0.019067239,0.2550359,0.7258969
notifications aren't working???,positive,negative,0.4806717336177826,0.48067173,0.4535416,0.0657866
lag while zoom in/out,positive,neutral,0.6805335879325867,0.16538121,0.6805336,0.15408523
had some slowness issues?,positive,neutral,0.7902147173881531,0.056603286,0.7902147,0.15318203
awesome app one of the <signature>,positive,positive,0.905424952507019,0.014494854,0.08008022,0.90542495
it does great and gives accurate weather information,positive,positive,0.9281377196311951,0.012952453,0.058909792,0.9281377
bogus . there are several aps much useful,negative,neutral,0.6509846448898315,0.059520848,0.65098464,0.28949454
'no notifications' doesn't work.,negative,negative,0.9000976085662842,0.9000976,0.08676923,0.01313315
great app for managing hotel reservations on the go. it's also nice to earn rewards for frequent stays. i think this is the <signature>,positive,positive,0.9149430990219116,0.012343423,0.072713554,0.9149431
app keeps crashing. unable to open after latest update.,positive,negative,0.9602004885673523,0.9602005,0.030267488,0.009532006
always update but nothing improve,neutral,neutral,0.8028875589370728,0.06741707,0.80288756,0.1296953
"great concept, poor implementation",neutral,negative,0.7313852906227112,0.7313853,0.2410873,0.02752739
contact picture not show.,negative,negative,0.4920409917831421,0.492041,0.46009588,0.04786309
canon cr <number> support please,neutral,positive,0.5062762498855591,0.09528408,0.39843965,0.50627625
this thing is a trap! it will take your money,negative,negative,0.9595732092857361,0.9595732,0.028619865,0.0118070375
"the icon re-design is a tremendous eye-sore more fit to be the face of a pharmaceutical firm, and they didnt put any extra effort into making the app on any of the platforms, leaving gaps in design. no dark mode, no voip, no collapsing the sidebar on ios or windows. i use it because my friends do.",negative,neutral,0.651533842086792,0.1991977,0.65153384,0.14926852
"just need an option to mute notifications (some of us work different timezones and like sleep), other than that it works pretty well!",positive,positive,0.5866382718086243,0.017165514,0.39619625,0.5866383
good for net work download,positive,positive,0.5442303419113159,0.015098677,0.44067097,0.54423034
i want this feature,positive,positive,0.5781185030937195,0.054505203,0.36737633,0.5781185
content rating: low maturity,positive,neutral,0.7208194136619568,0.20528498,0.7208194,0.07389568
this application doesn't work in my handphone,negative,negative,0.9621968269348145,0.9621968,0.028843876,0.008959282
slack chat is good,positive,neutral,0.657699704170227,0.047974415,0.6576997,0.29432586
i find the user experience superior to other apps.,positive,positive,0.7718232870101929,0.020508774,0.2076679,0.7718233
"great app, needs better ui on reviews",neutral,positive,0.8748757839202881,0.01506779,0.110056475,0.8748758
great new camera in-app,positive,positive,0.8309075236320496,0.042466477,0.12662597,0.8309075
would be <number> <url>,negative,neutral,0.5482342839241028,0.052859068,0.5482343,0.3989067
it's a good application,neutral,positive,0.7290310859680176,0.011344992,0.2596239,0.7290311
"five star service, two star app",negative,positive,0.5538091659545898,0.12245199,0.32373884,0.55380917
everytime my phone went on sleep it killed the tree and became completely pointless because i would've had to tap my phone every <number> seconds to keep it from locking and killing the tree.,negative,negative,0.9642149209976196,0.9642149,0.025314633,0.010470402
bbm isnt the <signature>,neutral,neutral,0.5869452953338623,0.28208598,0.5869453,0.13096876
can you please give a little speed more on download,neutral,positive,0.6733286380767822,0.019564345,0.307107,0.67332864
need support for .cr <number> format,positive,neutral,0.6913678646087646,0.04861499,0.69136786,0.2600172
"unecessarily complicated and cumbersome. it's so difficult to create new workspaces and move people from one to another. if you don't have someone's email address memorized, good luck! this app has a long way to go to be truly useful every day. in addition to the above, notifications are a bit of a nightmare. i've missed out on a lot of critical messages because notifications just don't work when they need to. i've run out of room for feedback but i could go <url>",negative,neutral,0.6637296676635742,0.27625754,0.66372967,0.06001278
i'm surprised hdr is not supported on the huawei nexus <number> p. i realize it is isn't as new as the pixels but it's still a pretty fast phone.,neutral,neutral,0.5001280307769775,0.024891393,0.50012803,0.47498062
where is the bookmarks?,neutral,neutral,0.5980439186096191,0.25735316,0.5980439,0.14460291
"love this app, developers have been brilliant at fixing bugs and the feedback system is great!",neutral,positive,0.9108958840370178,0.018800985,0.07030314,0.9108959
i want to give this app <number> <url>,negative,negative,0.910235583782196,0.9102356,0.06692658,0.022837928
cant even sign in or sign up,negative,negative,0.9618903398513794,0.96189034,0.028414717,0.009694926
"very nice weather app. would like to see more detail on air quality, pollen, etc",positive,positive,0.9076806902885437,0.011371236,0.08094808,0.9076807
simple to use. nice option to search via map,positive,positive,0.8690455555915833,0.0098216785,0.12113277,0.86904556
what a huge step backwards for useability.,negative,positive,0.8398928046226501,0.023429517,0.1366777,0.8398928
it is what it is!,neutral,positive,0.5854341983795166,0.06076156,0.35380426,0.5854342
"+pinch zoom, +++reflow text, --render speed on scroll, ---should find all pdf including dowloaded by browser, --no search, ---no images in reflow",negative,negative,0.6945199966430664,0.69452,0.27315098,0.03232906
this app keeps killing my tree whenever i off my <url> this is so bad. i ended up kore time restarting the timer.,negative,negative,0.9593936204910278,0.9593936,0.030556869,0.010049499
website offers better and more search options.,negative,positive,0.5743868350982666,0.083887085,0.34172612,0.57438684
i love this browser,positive,positive,0.48771703243255615,0.159191,0.353092,0.48771703
not always perfectly accurate. i like the hourly forecast.,positive,positive,0.7719469666481018,0.0151236905,0.21292931,0.77194697
mobile notifications not working,neutral,negative,0.7606756687164307,0.76067567,0.21214035,0.027183944
cannot unlock password protected ebooks. can't even interact with links or buttons. worthless for password protected ebooks.,negative,negative,0.9593241810798645,0.9593242,0.032022487,0.008653302
this app is an nice good for everything i need but they are problems u must fix,positive,positive,0.7129577398300171,0.017888868,0.2691534,0.71295774
getting worse than before,neutral,neutral,0.4742148220539093,0.46349666,0.47421482,0.06228856
it's easier and efficient,positive,positive,0.8579191565513611,0.010557855,0.13152301,0.85791916
"what the mobile developers do not understand is: do not ever ever change the application icon! the icon shape and color are used to quickly identify an app between other dozen apps. that's how the brain works! moreover, an update only for the app icon? where is the video recording option? i use slack daily (it's the main chat / video conferencing solution where i work) and you can simply cannot record meetings!",negative,negative,0.49846750497817993,0.4984675,0.43073922,0.0707933
"cute and accurate, but no long hair",neutral,positive,0.7425010800361633,0.012963361,0.24453554,0.7425011
used to work. not anymore,negative,negative,0.9221716523170471,0.92217165,0.065234005,0.012594377
an outstanding way of communication with the team.,positive,positive,0.9342051148414612,0.012823944,0.05297092,0.9342051
internet is better than this because,neutral,neutral,0.5234618186950684,0.12485589,0.5234618,0.3516823
"sucks. force close, pdf never opens. htc hero.",negative,negative,0.9609946608543396,0.96099466,0.02860429,0.010401085
"i like it just wish tht we had more choices for the avatar and the body shapes were more womenly, besides that i think it's great!",neutral,positive,0.8426997065544128,0.011476777,0.14582352,0.8426997
was great when it worked,negative,negative,0.5010913014411926,0.5010913,0.42837983,0.070528835
update has ruined functionality. now difficult to search rooms for <number> people etc. terrible terrible terrible!,negative,negative,0.9656063914299011,0.9656064,0.02463044,0.009763241
would like it better if you could use this app in fb <url>,neutral,neutral,0.5650240778923035,0.023532018,0.5650241,0.41144392
great app with potential.,positive,positive,0.9230548739433289,0.016425582,0.060519595,0.9230549
handles small pdf files really well. needs bookmarks.,neutral,neutral,0.6112147569656372,0.026121669,0.61121476,0.3626636
why not a mobile web version ??!!?!,negative,neutral,0.4788955748081207,0.37402683,0.47889557,0.14707756
"i love this app, the ui is nice and smooth, no bugs what-so-ever, and it knows when i press the home button and enter another app. (turn on advanced something in the settings) looks very smooth, and it works as it should! the problem is, i can't lock my phone without killing the tree, and it wastes the battery. that's pretty much my only complaint! (i'm fairly new to the app, and i heard that when your forest gets full, that you can't put in anymore trees. if so, please let the forest expand as well.)",positive,positive,0.7939377427101135,0.018499551,0.18756273,0.79393774
i was addicted to game and other stuff my personal work ratio was too down and this app really help <url> !,positive,positive,0.547987699508667,0.07306828,0.37894398,0.5479877
stuck in update mode,negative,negative,0.6675113439559937,0.66751134,0.29597563,0.03651303
while downloading music it goes to play store .,neutral,neutral,0.7001147270202637,0.17690605,0.7001147,0.122979276
can't append it to sd card when updated in htc wildfire,negative,neutral,0.5127328634262085,0.44825467,0.51273286,0.039012417
free emoticons are <url> good,neutral,neutral,0.5902546644210815,0.033774402,0.59025466,0.3759709
"i could plant the tree while watching youtube , no different than clash of clans",negative,neutral,0.511329174041748,0.16815503,0.5113292,0.32051584
bbm cant connect properly,negative,negative,0.811900794506073,0.8119008,0.16534035,0.022758901
"it would be cooler if you could mix and match the pants, shoes, shirts, jackets, etc. instead of having to choose from predetermined outfits. i want to make my own outfit!",positive,positive,0.6999937891960144,0.017264446,0.28274176,0.6999938
"works fine, too many ads",positive,neutral,0.72288978099823,0.10575821,0.7228898,0.17135203
they okay good on the <number> day forecast.!,neutral,neutral,0.5811859369277954,0.015816314,0.58118594,0.40299773
"when it works, it's good. but far too many crashes on my galaxy tab s <number> .",neutral,neutral,0.7607533931732178,0.032220114,0.7607534,0.20702644
terrible it now no longer works the way it used to. it was the <signature>,negative,negative,0.9609284996986389,0.9609285,0.027820451,0.011251
push notifications not reliable,positive,neutral,0.7647684812545776,0.15954237,0.7647685,0.07568911
went out and can't access it ny more. what happened. says i have <number> go thru fb or my email and i have <number> sign up and in wen i've been using it <number> the past <number> months. what happened!,neutral,negative,0.9338024854660034,0.9338025,0.0558512,0.0103463
to set a profile picture is very frustrating as the current set up/method cuts out most of the picture. this really should be adjusted.,neutral,neutral,0.7425986528396606,0.10180644,0.74259865,0.15559489
i liked <url> this is very useful,positive,positive,0.6983594298362732,0.022241011,0.27939957,0.69835943
if your not using this to book your loosing out,neutral,negative,0.9164036512374878,0.91640365,0.061681103,0.021915138
"the app keeps asking me to rate it despite me constantly telling it ""no"" so i'm rating it <number> star out of spite and partially because they don't actually follow the choices they give you.",negative,negative,0.5059314370155334,0.50593144,0.41619328,0.07787537
"uc browser is a fantastic browser application. the team behind the creation of this application have all done a wonderful job. keep it up as you continue to improve upon this great application. however, i wish to suggest that option to be able to send applications in speed mode { facebook, twitter etc} to phone desktop/home screen be incorporated into this application. secondly, make it possible to be able to select and set desired audio file as alert tones for applications like facebook etc. we therefore look forward to seeing these options in your next update sir. <signature>",neutral,positive,0.8678268790245056,0.01733997,0.11483317,0.8678269
"battery drain, battery drain, battery drain",negative,negative,0.5747784972190857,0.5747785,0.3793933,0.045828156
won't open raw files,negative,negative,0.8524497151374817,0.8524497,0.13056867,0.016981602
force closes on samsung moment w/android v <number> . <number>,negative,negative,0.7280909419059753,0.72809094,0.22707108,0.04483801
not as good as desktop app .too slow while navigaring to different channels amd personal chats.,neutral,neutral,0.657803475856781,0.29469642,0.6578035,0.047500126
weather is nice and shows precipitation also,positive,positive,0.7316092252731323,0.016260555,0.25213027,0.7316092
"won't let me add locations, other than that, works well.",neutral,neutral,0.7001247406005859,0.20786442,0.70012474,0.09201087
note <number> <url> of nov <number> th.,negative,neutral,0.5702465176582336,0.20730378,0.5702465,0.2224497
rooms sold not always available,neutral,neutral,0.5172614455223083,0.40023357,0.51726145,0.082505025
please add a feature!,neutral,positive,0.7642982602119446,0.019123865,0.21657793,0.76429826
so many ads r coming i hate this app,negative,negative,0.9574998021125793,0.9574998,0.032143626,0.010356536
it does what it's supposed to.,positive,neutral,0.7110774517059326,0.058433734,0.71107745,0.23048875
it really sucks that disabling wysisyg in the settings does not work. i want my input freedom.,negative,neutral,0.527848482131958,0.422387,0.5278485,0.049764577
it's a decent app,positive,positive,0.5413013696670532,0.012897019,0.44580165,0.54130137
have issue on redmi note <number>,neutral,neutral,0.6646978855133057,0.25434133,0.6646979,0.08096076
"i would give it <number> , but it keeps stopping when converting text to pdf",positive,neutral,0.7097741365432739,0.0648492,0.70977414,0.2253767
very good for me,positive,positive,0.8560340404510498,0.015708968,0.12825698,0.85603404
"app whitelisting doesn't work, everything works fine when whitelisting is turned off (tree withers when i exit the app) but when it's on, i can access any app without the tree dying, not just the whitelisted ones. i've also turned on the advanced detection mode, does not help.",neutral,neutral,0.6340740919113159,0.2987766,0.6340741,0.06714928
"this ""use"" to be the greatest weather app right up until <url> latest update froze radar animation and i don't get alerts until i open the app. deleting and going to find a better app.",negative,negative,0.8946098685264587,0.89460987,0.08218039,0.023209734
"it does its job, but asking each time to rate the app is infuriating",neutral,neutral,0.7443322539329529,0.04341526,0.74433225,0.21225248
my weatherbug now tells me im <number> towns away. reported <url> they told me i was dumb basically.,negative,negative,0.7771798372268677,0.77717984,0.19251058,0.030309584
crude humor supports the deteriorating morals of society. not acceptable,negative,negative,0.5742281079292297,0.5742281,0.37126353,0.05450836
after installed the browser <url> phone will hang and some unwanted program to be automatically <url> will affect on <url>,negative,negative,0.9309216141700745,0.9309216,0.05615434,0.012924078
some update or something makes this wonderful app crash. please remedy the issue!!!,neutral,positive,0.484065443277359,0.06299723,0.45293728,0.48406544
love it but easy on the ads pls,positive,positive,0.724044680595398,0.018193211,0.25776204,0.7240447
"for all those whose trees are not withering, turn off whitelist mode",neutral,neutral,0.544092059135437,0.23987016,0.54409206,0.2160378
"i really enjoy this app, it's been quite helpful. however, though it counts the time you exceed the preset goal you don't get any extra trees/bushes. this means that i sometimes go over my time focus goal, but only see one lonely tree for my efforts. good bit of a bummer. otherwise, love the app.",positive,positive,0.8506487607955933,0.012094187,0.13725704,0.85064876
not as accurate at weather channel but i like that i can choose the radar location.,positive,positive,0.7411450743675232,0.015806152,0.24304882,0.7411451
i prefer the blackberry version to the android version. or maybe i've not discovered all the tricks here.,neutral,neutral,0.5092735290527344,0.056789298,0.5092735,0.4339372
great! so much potential!,positive,positive,0.9024076461791992,0.02170775,0.07588461,0.90240765
can't use bbm after update,negative,negative,0.6398878693580627,0.63988787,0.33032343,0.029788738
on getting the latest update the app stopped working all of a sudden. i use samsung galaxy s <number> . please see what has gone wrong. i tried reinstalling the app too. didn't work.,negative,negative,0.9088937640190125,0.90889376,0.076035164,0.015071044
very very slow even on nexus one,negative,negative,0.6885439157485962,0.6885439,0.28018343,0.03127268
like the old version better,positive,neutral,0.6021261811256409,0.12251578,0.6021262,0.27535805
stop asking me to rate every time i launch the app.,negative,negative,0.6669018268585205,0.6669018,0.2778228,0.055275396
lots of force closes on galaxy s.,negative,negative,0.6299840807914734,0.6299841,0.3212209,0.04879498
needs more of the core lightroom features,neutral,neutral,0.7045248746871948,0.050063025,0.7045249,0.24541214
"great app, just a few things that need addressed. i can no longer ""purchase"" additional trees and i have the $. it says forbidden after taking a while to load. i've uninstalled and reinstalled, running on the most current app and android os <number> . <number> , droid turbo <number> .",neutral,neutral,0.48235052824020386,0.3478684,0.48235053,0.16978107
please add live radar widget!,positive,neutral,0.5480985045433044,0.23023558,0.5480985,0.2216659
can't quickly link to specific page or bookmark. sucks. quick office is much better for reading pdfs.,negative,neutral,0.5698558688163757,0.367316,0.56985587,0.062828094
it dose not let you do anything,negative,negative,0.8765727281570435,0.8765727,0.1006413,0.022786
hourly doesn't match the <number> day,neutral,negative,0.5959551930427551,0.5959552,0.3737725,0.030272273
it's a good app,positive,positive,0.5692448019981384,0.012926839,0.41782832,0.5692448
good app edit picture,positive,positive,0.5696568489074707,0.018860878,0.41148227,0.56965685
can't bookmark the page! it's hard to read an e-book and remember the page number. i will delete.,negative,negative,0.6577030420303345,0.65770304,0.31847468,0.023822188
use for fast download,positive,positive,0.8293890357017517,0.020520538,0.1500904,0.82938904
used to be the <signature>,negative,negative,0.7403119802474976,0.740312,0.2294783,0.03020976
better than most. quick and easy,positive,positive,0.9214131236076355,0.01159893,0.06698793,0.9214131
"not fast in sending and receiving messages, the app needs to be worked on.",negative,neutral,0.6534618735313416,0.28208825,0.6534619,0.064449795
local adjustment not appearing,positive,neutral,0.7730545401573181,0.10537404,0.77305454,0.12157143
used to be great,negative,negative,0.8721386194229126,0.8721386,0.11012607,0.017735332
just got it <url> fingers crossed,neutral,neutral,0.5529114007949829,0.20918429,0.5529114,0.23790428
best pic editing <url>,positive,positive,0.6591658592224121,0.022534182,0.31829992,0.65916586
no bookmark or jump page. doesnt remember where i was when closed,negative,negative,0.7920863628387451,0.79208636,0.19079977,0.017113911
"good. only complaint is that sometimes the location on my lock screen is not my current location, but a random one from my saved places.",positive,positive,0.5050650238990784,0.014537455,0.4803975,0.505065
for the older version,neutral,neutral,0.4936491847038269,0.32418904,0.49364918,0.18216176
"this app is pretty good, but i wish i could use this in my normal keyboard and i hope that it will be animated and have a transparent background",positive,positive,0.6938689947128296,0.01446158,0.29166943,0.693869
it's very accurate and good,positive,positive,0.9035643339157104,0.010040373,0.08639531,0.90356433
loved it till i got a new phone,negative,neutral,0.5490081310272217,0.31464225,0.54900813,0.13634968
works ok but crashes when i rotate my archos <number> .,neutral,neutral,0.8437538146972656,0.04568546,0.8437538,0.11056079
bloats <number> megs needs to be movable to <url>,negative,neutral,0.6266989707946777,0.31044522,0.626699,0.062855884
shares the way it wants without permission,negative,neutral,0.5740810036659241,0.28122732,0.574081,0.14469177
external storage for cache,neutral,neutral,0.6341056227684021,0.11951982,0.6341056,0.24637459
the radar map is practically useless now,negative,negative,0.9637571573257446,0.96375716,0.024697144,0.011545624
will not select the correct current location.,negative,negative,0.5089421272277832,0.5089421,0.45903876,0.03201911
cant edit my avatar and cant log in!!,negative,negative,0.9640182256698608,0.9640182,0.026914759,0.009067122
this is worse than what we call pathetic when it comes to mobile app.,negative,negative,0.9538207054138184,0.9538207,0.0349187,0.011260554
updated to make it worst,negative,negative,0.9494264721870422,0.9494265,0.03718499,0.013388624
the trees do not die when i leave the app which is what the app was supposed to do should i have left the app to use other apps like ig or youtube,negative,negative,0.51869797706604,0.518698,0.4005721,0.08072992
new version is a major step back,negative,positive,0.5093980431556702,0.11657528,0.37402663,0.50939804
awesome and secure app,positive,positive,0.9258477091789246,0.01673588,0.05741636,0.9258477
awful app. really awful.,negative,negative,0.9614084362983704,0.96140844,0.027205585,0.011385905
would rate <number> <url>,negative,neutral,0.4851658046245575,0.071897306,0.4851658,0.44293696
"makes an incredibly annoying and loud clicking sound through the speakers whenever you take a photo, with no ability to disable it.",neutral,neutral,0.5241154432296753,0.4049501,0.52411544,0.07093445
it's nice but some problems r there,neutral,neutral,0.5008181929588318,0.013080892,0.5008182,0.48610094
have used it for years,positive,positive,0.6363022327423096,0.14459254,0.21910524,0.63630223
hope it supports split screen,positive,neutral,0.5020622611045837,0.028497033,0.50206226,0.4694407
good app to <url> i alwayz prefer uc browser to <url>,positive,neutral,0.5659380555152893,0.02568149,0.56593806,0.40838045
some issues but otherwise excellent,positive,positive,0.6230108141899109,0.014396345,0.36259276,0.6230108
"this app is great, allows you to edit raw files, and almost has all the same options as a desktop/laptop version. the only thing i would really love to see is a brush setting, really all it needs for <number> stars in my books!",positive,positive,0.8687789440155029,0.017754242,0.11346677,0.86877894
basic stuff done well,neutral,positive,0.616898775100708,0.031601235,0.35150003,0.6168988
unfriendly to free users,negative,negative,0.9486584067344666,0.9486584,0.04105723,0.01028436
crashed my phone twice in a row doing nothing more then trying to read a <url>,negative,negative,0.9487047791481018,0.9487048,0.040676516,0.0106187025
has become unreliable and very inaccurate. loved it and now will get rid of because of terrible forecasts.,negative,negative,0.9526084661483765,0.95260847,0.03844007,0.008951489
still no group contacts like old bbm,negative,neutral,0.7165393233299255,0.16809455,0.7165393,0.115366176
"slow loading, double notifications",neutral,neutral,0.6538167595863342,0.2790978,0.65381676,0.0670854
i love this app but sometimes it is really lagging.,positive,neutral,0.6156446933746338,0.04595039,0.6156447,0.33840492
freezes when opening pdfs. useless. root droid <number> . <number>,negative,negative,0.9632312059402466,0.9632312,0.02728612,0.009482727
"really nice app ,with grt way to analyse yr productivity",positive,positive,0.8584120869636536,0.010727659,0.13086022,0.8584121
great but one major problem,positive,positive,0.8477688431739807,0.019800065,0.13243113,0.84776884
this program needs to be able to jump to specific pages in the pdf. i have a <number> page set of blueprints in need to access multiple times daily. fix,negative,neutral,0.6905881762504578,0.19238287,0.6905882,0.117028885
something went wrong before i could access this app. immediately <url> viruses needed.,negative,negative,0.7310336828231812,0.7310337,0.23254924,0.036417063
last update problem when search number adults,negative,neutral,0.6312816739082336,0.26618055,0.6312817,0.10253773
very good app very easy,positive,positive,0.9160709977149963,0.0112778535,0.07265115,0.916071
it's good app and doesn't contain virus,positive,neutral,0.7041300535202026,0.017792879,0.70413005,0.27807713
please add widgets for slack,positive,positive,0.6291817426681519,0.025962695,0.3448556,0.62918174
add hdr support for htc <number> please!,neutral,positive,0.5610762238502502,0.035814073,0.40310973,0.5610762
"suddenly it's killing all my trees it's was working perfectly, but now i keep getting a ""unknown app'",negative,negative,0.5368239879608154,0.536824,0.4094665,0.053709447
well <url> you need access to my files and my camera ? looks like an insecure joke. i 'll install once we are back to serious.,negative,neutral,0.7103161811828613,0.086412616,0.7103162,0.20327114
this app is <url> not as expected,negative,neutral,0.6691243648529053,0.19803302,0.66912436,0.1328426
please add remind me option,neutral,positive,0.8694331049919128,0.016514556,0.114052325,0.8694331
"original user interface, very usable.",positive,neutral,0.6639062166213989,0.057252683,0.6639062,0.27884108
i use this site for booking over night stays when going on holiday. good hotel and great staff.,positive,positive,0.9302399158477783,0.013878649,0.05588144,0.9302399
can't access my account,negative,negative,0.9578514099121094,0.9578514,0.033450734,0.008697747
very useful to find non-chain hotels--saving lots of money when all you need is a clean room and a servicable bed.,positive,positive,0.9042280912399292,0.010820867,0.084951065,0.9042281
"love it, something for almost every occasion!",positive,positive,0.9023730754852295,0.020562705,0.077064246,0.9023731
doesn't format text correctly,neutral,negative,0.5003182888031006,0.5003183,0.4710102,0.028671479
"despite all these new pdf readers, this app provides very good benefits",positive,positive,0.870164692401886,0.012909438,0.11692586,0.8701647
love it but hate it,neutral,negative,0.6161748170852661,0.6161748,0.28892687,0.094898365
great application. efficient way to browse and book accommodation.,neutral,positive,0.9240058064460754,0.0115160635,0.06447811,0.9240058
great mutch eadier than website. quick and convenient,positive,positive,0.8383805155754089,0.019179424,0.14244005,0.8383805
excellent. not needing any permissions is cool.,neutral,positive,0.7063650488853455,0.015053867,0.27858108,0.70636505
"works pretty good, nice to finally have this on android.",positive,positive,0.8785054683685303,0.0108184535,0.11067609,0.87850547
to boring and to many adds,negative,neutral,0.6601639986038208,0.19843,0.660164,0.14140604
reply from notification and remove bbm channels,neutral,neutral,0.571007251739502,0.25818554,0.57100725,0.1708072
love the app but current temperature doesn't stay in the notification bar even though i have it set to go the settings. please fix. i have to constantly open the app for current temp.,positive,positive,0.6290333867073059,0.03584616,0.3351205,0.6290334
i like it . works great,neutral,positive,0.9301746487617493,0.015247946,0.054577377,0.93017465
it's good for documents viewings and managing.,positive,positive,0.7681359648704529,0.011415269,0.22044876,0.76813596
it's good but not too much <url> it's working well,positive,neutral,0.6698194146156311,0.015979933,0.6698194,0.31420064
pic porn on ads,negative,negative,0.8104086518287659,0.81040865,0.1590427,0.030548733
dope! i wish there was a batch deletion feature.,positive,negative,0.573912501335144,0.5739125,0.37514994,0.050937507
"worked great for years but now it double posts everything i send on my chromebook. love it on every other <url> iphone, mac. i hope this is fixed in the next <url> !",neutral,positive,0.8526358008384705,0.02312057,0.12424358,0.8526358
"sering error, but it's fine. still working",positive,neutral,0.7471305131912231,0.02405397,0.7471305,0.22881559
full of bugs. i can claim the reward but my coins doesn't increase at all????,negative,negative,0.8003091216087341,0.8003091,0.17395616,0.025734715
reliable when signal is good,positive,positive,0.6681179404258728,0.016617285,0.31526482,0.66811794
love it and hate it.,neutral,negative,0.9580621123313904,0.9580621,0.030323958,0.011613926
would be good if you could delete after finished!,neutral,neutral,0.6998717188835144,0.025944829,0.6998717,0.2741834
works for me. only one i ever use.,positive,positive,0.8013471961021423,0.052551173,0.14610167,0.8013472
error <url> do not work. i'm having <number> . <number> . <number> <url> still not working .,negative,negative,0.9602854251861572,0.9602854,0.030626237,0.009088301
it is very good but it needs more options on the facial features and the body motifications,positive,positive,0.7368907332420349,0.013035039,0.25007418,0.73689073
takes up <number> percent of the <url> saves everything u <url> good for a <url> have motorola droid.,negative,neutral,0.6717327237129211,0.2541973,0.6717327,0.07407001
nice <url> was using this <url> information for news and latest updates,neutral,positive,0.6816500425338745,0.024620816,0.29372913,0.68165004
"the whitelist doesn't <url> no matter what i do, my tree dies.",neutral,negative,0.7276865243911743,0.7276865,0.23101068,0.041302767
"good app, but lacking android wear (and thus pebble) support. i prefer google hangouts to slack because of this missing functionality.",neutral,neutral,0.5716361403465271,0.021295328,0.57163614,0.40706855
great but too much phone access,neutral,positive,0.7376962304115295,0.016324803,0.245979,0.73769623
if you can't offer better pricing you're useless,negative,negative,0.9564099907875061,0.95641,0.030469453,0.013120529
seriously your ad blocker never works everytime i go to movies site pop up ads pop ups every second very irritating don't <url> u will never get good surfing experience,negative,negative,0.8566189408302307,0.85661894,0.12316981,0.020211248
minimize category and bbm group user friendly,positive,positive,0.5865379571914673,0.0470039,0.36645815,0.58653796
it doesn't save the last page you were on. it's annoying.,neutral,neutral,0.6687892079353333,0.2582613,0.6687892,0.07294945
please add something which shows you how long you've worked for each day and maybe a graph for comparing different working times,neutral,positive,0.8365265727043152,0.013972464,0.14950098,0.8365266
not bad better than other,positive,neutral,0.6561387777328491,0.05050062,0.6561388,0.2933606
i like the radar and spark. i work outside so that helps. the temp though? <url> but i guess that's what you get when trying to predict the actions of the most volatile woman in existence. mother nature of course.,neutral,positive,0.7683811187744141,0.019340027,0.21227883,0.7683811
why it is asking to download uc browser when i am going to download song and i don't want to download uc browser,negative,negative,0.7803110480308533,0.78031105,0.19199829,0.027690703
"awesome app!! it helps me a <url> i think it will be better if it had a <url> like we can time when it will start <url> sometimes i like to use my phone a lot. like before bed or using my phone at <url> smting like that. if you had the timer, we can set our work time so we would not play phones at certain <url> but still this app is great!!",positive,positive,0.8013718128204346,0.01745484,0.18117338,0.8013718
good app but <url>,neutral,neutral,0.6599308252334595,0.023517758,0.6599308,0.31655145
does the job it aims to do,neutral,positive,0.8445226550102234,0.018604835,0.13687249,0.84452266
ridiculous. why the hell i cannot move it to memory card?,negative,negative,0.9560227394104004,0.95602274,0.030891016,0.01308623
download error problem network gone after network connected again donwload doesn't resume,neutral,negative,0.8345229625701904,0.83452296,0.14411308,0.021363907
"i would give this app more stars if it weren't for the inability to get an overview of the total number of hours sunk into each tag rather than just a percentage, extend the amount of time you want on the fly and to filter by multiple tags vs either only one or all at the moment.",neutral,positive,0.5888462066650391,0.035109423,0.3760444,0.5888462
"its cool, i love it",neutral,positive,0.7986909747123718,0.014607894,0.18670113,0.798691
warning. bad apps. this apps cheat ur money on cancelation,negative,negative,0.9660791158676147,0.9660791,0.024872756,0.009048044
please fix!! then <number> stars,negative,neutral,0.4864517152309418,0.31555113,0.48645172,0.19799714
it's ok this apps,positive,neutral,0.7765761613845825,0.017267749,0.77657616,0.20615616
please add support for links inside pdf! great app but i really miss that feature!!,neutral,positive,0.892957329750061,0.014165509,0.0928772,0.8929573
weatherbug was better <number> years back than it is now. i do not like the last few updates. the maps not as good especially showing cloud cover with storms or without. the layers is really sib par from the way it was. now for the last <number> days its shutting down for no reason,neutral,neutral,0.665983259677887,0.24579926,0.66598326,0.08821745
uc helpful but it's have many bad <url>,positive,neutral,0.6779536604881287,0.02947489,0.67795366,0.2925715
it tells me what i need to know,positive,positive,0.7782281041145325,0.021519491,0.2002524,0.7782281
addicted to phone? this is the app,positive,negative,0.9508250951766968,0.9508251,0.037164167,0.012010772
works well but beware the enormous memory use for data. if this could be stored on sd card then i would give <number> stars. as it is may have to uninstall.,neutral,neutral,0.6667789816856384,0.026612353,0.666779,0.3066087
nice app for viewing documents!!! have been using it since many years!,positive,positive,0.8911076784133911,0.011358659,0.09753367,0.8911077
doesn't have a logout option,positive,neutral,0.5979774594306946,0.36130926,0.59797746,0.040713277
enlarge capacity for sending video,neutral,neutral,0.6080283522605896,0.071527615,0.60802835,0.32044405
"it needs to have color, hairstyles and have character friends we pick on the lists to be in emojis too. plus can we have clothes come from video games and movies. plz",positive,positive,0.6033461689949036,0.024269214,0.37238464,0.60334617
excellent considering all i want is pdf reader. but confused why such a basic thing like bookmarks is missing! the page nav good but never accurate,neutral,positive,0.5184924006462097,0.019377884,0.46212968,0.5184924
very funny! it crashes in my s <number> edge+,negative,neutral,0.47765544056892395,0.42103332,0.47765544,0.101311214
cant book in alantic city nj,negative,negative,0.7744077444076538,0.77440774,0.20387599,0.02171619
learnt about it hope it is going to be <url>,neutral,positive,0.4750366806983948,0.10136372,0.42359963,0.47503668
i think it is cool because you can use it for anything and could make stories etc.,positive,positive,0.7731247544288635,0.011973574,0.21490169,0.77312475
"so powerful, yet so limited.",neutral,neutral,0.7021544575691223,0.120319664,0.70215446,0.17752585
i really like this app. have a lot of fun with it when i send text messages. haven't had any problems with it.,neutral,positive,0.8804948925971985,0.01677139,0.10273366,0.8804949
new icon is really lame. looks like google <url> hahaha. binit,negative,negative,0.8677873015403748,0.8677873,0.11547942,0.016733252
easy and convenient to use,positive,positive,0.9186413288116455,0.01146613,0.06989258,0.9186413
holy data <url> people please!,negative,neutral,0.4623396396636963,0.24722672,0.46233964,0.29043362
screw you slack for arbitrarily forcing everyone on mobile to download this utterly superfluous client while your services run well in browser.,negative,negative,0.9570605754852295,0.9570606,0.03047663,0.012462818
sometime. . force close hard launch,neutral,neutral,0.7278521060943604,0.15107037,0.7278521,0.12107757
"slow, and hang when zoom",negative,neutral,0.5377811789512634,0.41091466,0.5377812,0.05130409
"the app is really good. i find it really fun but i suggest that you guys add piercings, birthmarks, beauty marks and things like that, maybe even allow more then two bitmoji characters. other than that, the app is really good",positive,positive,0.7718760371208191,0.012387154,0.21573687,0.77187604
"would pay extra to get the ads to go away. otherwise, very good.",neutral,positive,0.6770235300064087,0.013575778,0.30940068,0.67702353
beware making fool and cheating beware,negative,negative,0.9596766829490662,0.9596767,0.028399192,0.011924021
what happened to the paid version?,negative,negative,0.8734539151191711,0.8734539,0.104294755,0.022251287
good <number> st version - htc one m <number>,positive,positive,0.5240833163261414,0.01849101,0.45742568,0.5240833
great app use it to store music in,positive,positive,0.9291203022003174,0.01755451,0.053325165,0.9291203
"could use a bit of <url> other than that, great concept and idea!",neutral,positive,0.706626296043396,0.01870711,0.27466658,0.7066263
more customizable than the other guy but not as complete as i'd like,positive,positive,0.6585737466812134,0.019775534,0.32165077,0.65857375
"i always like this app since i used my old curve. but the ads kill me, hahahaha.",positive,negative,0.823101282119751,0.8231013,0.14787567,0.029023053
"what a crappy app. rim can do much betta than this. wanted to give it a zero star but that option ain't available, i wonder why.",negative,negative,0.8860304951667786,0.8860305,0.09842895,0.015540543
it's a good app . it saved my mobile from getting virus into my mobile,positive,positive,0.6960099339485168,0.0130422665,0.29094782,0.69600993
it's really nice !!!,neutral,positive,0.8066427111625671,0.011225674,0.18213165,0.8066427
"the prices are super high. like,the great <url> a billionaire could pay, but they would be poor afterwards. don't use!",negative,negative,0.8319467306137085,0.83194673,0.14490068,0.023152558
"great local forecast, maybe because i live near their headquarters. it works great when i travels as well.",positive,positive,0.8871887922286987,0.013112969,0.09969816,0.8871888
not very compatible with pomodoro technique,neutral,neutral,0.7065298557281494,0.1866769,0.70652986,0.10679323
very useful and reliable app. documents are available offline which i find very convenient,positive,positive,0.9352073669433594,0.013056283,0.05173637,0.93520737
too many ads! hate it,negative,negative,0.9576264023780823,0.9576264,0.03248409,0.009889533
good but i don't like this app becouse of that annoying ads please remove this <url>,negative,neutral,0.6738913655281067,0.034172475,0.67389137,0.29193622
improve android app please,neutral,positive,0.5888726711273193,0.05586029,0.35526705,0.5888727
not happy over my profile picture,neutral,negative,0.7335417866706848,0.7335418,0.23371002,0.03274811
foxit reader is more convenient,positive,neutral,0.6556035876274109,0.071244836,0.6556036,0.27315155
"cute, simple and motivating!",positive,positive,0.9268737435340881,0.012777665,0.06034858,0.92687374
good but could be better,positive,neutral,0.7572476863861084,0.023174025,0.7572477,0.21957831
"one of the essential apps, but imperfectly realized in android",positive,positive,0.5450224876403809,0.05174106,0.40323642,0.5450225
like it but too much ads,positive,neutral,0.6120556592941284,0.023727033,0.61205566,0.36421737
still very lame. can't open pdfs that are image scans. cmon adobe. really?,negative,negative,0.8707968592643738,0.87079686,0.114021495,0.015181636
"after unable to launch get fixed in the update last night, all my past <number> days history is gone <url> all my lemon <url> this how the developer improve performance? very <url>",negative,negative,0.5263751745223999,0.5263752,0.392564,0.08106084
you better call it off. useless.,negative,negative,0.9640347361564636,0.96403474,0.022769371,0.013195894
as good as the web version,positive,positive,0.6018291115760803,0.022573316,0.37559766,0.6018291
just updated bbm and all of my chat history disappeared! need a way to restore it. pls fix it.,neutral,negative,0.8278480172157288,0.827848,0.14361762,0.028534332
<salutation> can't even open password protected files. waste of time and memory,negative,negative,0.966040849685669,0.96604085,0.024146095,0.009813047
i dont understand this ap,neutral,negative,0.8802424669265747,0.88024247,0.10059525,0.019162286
its a very good app,positive,positive,0.8292415738105774,0.011533747,0.15922466,0.8292416
good website for hotels. plenty of options and many with free cancellation.,positive,positive,0.8045021891593933,0.012777669,0.18272012,0.8045022
bad very very bad. in all website you have ads <url> is <url> <url> bad things <url> <url>,negative,negative,0.9651914238929749,0.9651914,0.025694449,0.0091140745
claims app <number> sd but <url> no option to move from phone to sd card. it's a <number> +mb app. htc di <number> . <number>,neutral,negative,0.6404761075973511,0.6404761,0.31865713,0.04086679
"unnecessary app, please kill it.",negative,negative,0.9617344737052917,0.9617345,0.026740542,0.011524915
my favorite way to communicate,positive,positive,0.9082225561141968,0.016191542,0.075585924,0.90822256
quickly opens up the pdf <url> and very user friendly,positive,positive,0.9034487009048462,0.0125381965,0.084013104,0.9034487
force closed after update,neutral,negative,0.9254351854324341,0.9254352,0.055031512,0.01953333
this app is nice for safe <url>,neutral,positive,0.5907810926437378,0.01760137,0.3916176,0.5907811
brings so much important info to my phone in an easy to use format.,positive,positive,0.9116460680961609,0.016168261,0.07218569,0.91164607
very nice and helpful app,positive,positive,0.9313698410987854,0.014080738,0.054549403,0.93136984
don't send fake news,neutral,negative,0.8174805641174316,0.81748056,0.15086308,0.031656366
it asks for login every time i start it and that is very annoying. on my ipad it does not behave that way.,neutral,negative,0.6044041514396667,0.60440415,0.35545442,0.04014148
update <url> bisa copy comment di picture group <url> info bagaimana cara copy coment nya?,negative,neutral,0.46019771695137024,0.42735538,0.46019772,0.11244689
"good so far on phone, afraid to install on laptop, had a older version that wouldn't go away and had constant ads and pop-ups",positive,neutral,0.7531415224075317,0.05501849,0.7531415,0.19184001
this app is far too big.,negative,negative,0.8606292009353638,0.8606292,0.1122962,0.027074663
this is a good app,positive,positive,0.5588392615318298,0.015745796,0.42541495,0.55883926
"i'm heard about security concerns related to this browser, can u explain it?",neutral,neutral,0.6002364158630371,0.13540056,0.6002364,0.264363
worst app in world,negative,negative,0.9650137424468994,0.96501374,0.023612373,0.01137391
i wish i could make funnies with my friends in them. not just in snapchat. otherwise a very fun app.,positive,positive,0.8211470246315002,0.0115479585,0.16730504,0.821147
its alright but got a long way to go to better repligo. need to be able to skip to chapters and double tap zoom should fit paragraph to screen width,neutral,neutral,0.709643542766571,0.015908552,0.70964354,0.27444795
just missing an iphone feature.,positive,neutral,0.7565538287162781,0.11615881,0.7565538,0.12728736
not as good as on the blackberry phones doesn't show a red star to let you know you have an unread message unless you open the app,neutral,neutral,0.7447262406349182,0.1638762,0.74472624,0.09139755
excellent with some improvements,positive,positive,0.8754229545593262,0.0110187605,0.11355834,0.87542295
add fonts and stuff,positive,positive,0.7878031134605408,0.020800153,0.19139668,0.7878031
please add some more features,positive,positive,0.7090722918510437,0.01891181,0.2720159,0.7090723
wish you could choose a friends to be part of the emoji,neutral,positive,0.5251477956771851,0.025615914,0.44923627,0.5251478
this app is useless. if i hit the home button the app plays in the background of my phone without the tree dying. that literally defeats the entire purpose of the app,negative,negative,0.9661792516708374,0.96617925,0.022227371,0.011593349
now i accepted it,positive,positive,0.472393661737442,0.17446409,0.3531422,0.47239366
support for password protected documents.,neutral,positive,0.6147151589393616,0.028255878,0.35702905,0.61471516
discord came out and improved on slack in every way. there is no reason to use this trash anymore.,negative,negative,0.9327574968338013,0.9327575,0.05227248,0.014970054
not anymore waste of time,negative,negative,0.7553686499595642,0.75536865,0.18828467,0.05634673
not able to sign in,negative,negative,0.9348063468933105,0.93480635,0.051058702,0.014134997
edit: i found the lemons and how to kill trees,positive,neutral,0.6366739869117737,0.15404041,0.636674,0.20928553
always eror <url> this app,negative,neutral,0.47552093863487244,0.19368958,0.47552094,0.3307895
has too much space for ads. premium for login. there are more user friendly ways to monetize your app. the concept is ok but poorly executed,negative,neutral,0.7123496532440186,0.23251064,0.71234965,0.055139743
"since using a new update, my htc one x, always not <url>",negative,negative,0.6144657135009766,0.6144657,0.31952062,0.06601363
wpupd give more stars if we could use this app on fb messenger,neutral,neutral,0.5795621871948242,0.27718025,0.5795622,0.14325757
"not more reliable as the desktop app, but it is enough to get by",neutral,neutral,0.6849956512451172,0.03136756,0.68499565,0.28363678
does not open all pdf files that you can open with adobe on the pc. uninstalled.,negative,negative,0.9604400396347046,0.96044004,0.029541183,0.010018772
"really bad. zoom removes text, outer viewmode locks scrolling etc etc",negative,negative,0.9563809037208557,0.9563809,0.034372963,0.009246195
i think the app is ment for book worms and book worms like me love it,neutral,positive,0.8801578879356384,0.022189707,0.09765236,0.8801579
chat app or ads app,negative,negative,0.8397112488746643,0.83971125,0.13678034,0.0235084
"good accuracy, clean look and good features.",positive,positive,0.9090033173561096,0.009990286,0.08100644,0.9090033
tree doesn't whether if i leave the app n play game this app sucks,negative,negative,0.9364880919456482,0.9364881,0.052814644,0.010697242
even worse than photoshop,negative,negative,0.7151386737823486,0.7151387,0.23199314,0.052868184
begging for bookmark and copy paste option <url>,neutral,negative,0.5215400457382202,0.52154005,0.4203429,0.05811703
forgets where i was when killed by the system,neutral,negative,0.5378081202507019,0.5378081,0.41567263,0.046519294
very good. am no lonnger using infinix <number> am using mi note and it is very difficut for me to update my mi note phone.,neutral,positive,0.5479798316955566,0.02792849,0.42409167,0.54797983
not easy to use,neutral,neutral,0.7471712827682495,0.16139539,0.7471713,0.09143335
good app but huge filespace,neutral,positive,0.6109363436698914,0.016933732,0.37212995,0.61093634
no substitute for this great secure app for mobile communication in real time,positive,positive,0.7084223628044128,0.05026721,0.24131045,0.70842236
not for bald people,negative,neutral,0.6012430787086487,0.17983049,0.6012431,0.21892647
really useful app. totally enjoyed using it. i had downloaded this without many expectations but the simplicity and perfection that this app delivered totally blew me away. hats off to the developers !! keep up the great work !!,positive,positive,0.874895453453064,0.018554844,0.1065497,0.87489545
"it's a good app overall, but the hourly forecast is totally unreliable. if the amatuers at weather underground can get it right <number> % of the time, why is weatherbug wrong <number> % of the time? c'mon folks, it's obviously do-able, so please try putting in the effort to get it right in the future (or at least check out the weather underground site and copy their work).",neutral,neutral,0.6637983322143555,0.018408077,0.66379833,0.31779358
so so. like other apps in the play store. nothing special.,neutral,neutral,0.7267594337463379,0.15072446,0.72675943,0.12251614
the standard tool for exchanging documents online,positive,positive,0.8796275854110718,0.018287685,0.102084756,0.8796276
please fix some bug n i will give u <number> star,neutral,neutral,0.6455340385437012,0.10886707,0.64553404,0.24559887
great app over all,positive,positive,0.9081539511680603,0.027515825,0.064330205,0.90815395
the app is interactive and has all the required functions.,positive,positive,0.6425904035568237,0.042160477,0.31524915,0.6425904
it's ok but the follow me is crap,neutral,neutral,0.8398177027702332,0.026483923,0.8398177,0.13369846
update every <number> minutes,neutral,negative,0.5777902007102966,0.5777902,0.37950552,0.042704258
"i have installed and uninstalled repeated this several times, all it wants to do is update continuously. i can't use it at all.",negative,negative,0.9585289359092712,0.95852894,0.031996746,0.009474385
used battery most show identity,negative,neutral,0.5267350077629089,0.39600593,0.526735,0.077259034
should have more filtering options. should stop nagging for a review when you've already posted one.,neutral,neutral,0.8016535043716431,0.04387082,0.8016535,0.15447573
"after reservation want to add rooms but app just crash, keep loading",negative,negative,0.8298143148422241,0.8298143,0.14444889,0.025736792
lost in the translation,negative,negative,0.5458009243011475,0.5458009,0.39668563,0.057513393
new version is much slower than the last. loading messages and channels feels sluggish and tedious.,negative,neutral,0.7468502521514893,0.11837508,0.74685025,0.1347746
where did the precipitation amounts go?,negative,neutral,0.6798497438430786,0.17384255,0.67984974,0.14630775
"it's nice, but it would be great there'd be some piercings",positive,positive,0.5902448892593384,0.012273986,0.3974811,0.5902449
it's a good app,positive,positive,0.5692448019981384,0.012926839,0.41782832,0.5692448
good but could be better,positive,neutral,0.7572476267814636,0.023174016,0.7572476,0.21957837
last update hosed app,negative,negative,0.8152698874473572,0.8152699,0.15334521,0.031384982
"it keeps crashing. i like yet very annoying to keep <url> , weather stopped working.",neutral,neutral,0.6320101618766785,0.25222516,0.63201016,0.11576467
the app would be better if you let us use calculator and <url> bcoz sometimes while studying you have to google something <url> just a suggestion.,neutral,neutral,0.6189138889312744,0.047489304,0.6189139,0.33359683
"i love the amount of data and the warnings. however in the last <number> months the application has failed to work often at least once a day. if this issue could be solved, i would give the app <number> stars.",neutral,positive,0.8284420371055603,0.016776849,0.15478107,0.82844204
you just need to add box braids as a hairstyle,positive,positive,0.8101649880409241,0.015857972,0.17397702,0.810165
its nice to receive anything,positive,positive,0.7255116105079651,0.0123462705,0.26214212,0.7255116
this app is awful,negative,negative,0.9630164504051208,0.96301645,0.026828092,0.010155439
"bummer! now i am a former usser!!!! no-ads weatherbug, where are you? hello?",negative,negative,0.5379267930984497,0.5379268,0.4108836,0.051189665
good for an <url>,neutral,neutral,0.7268081307411194,0.034004748,0.72680813,0.23918714
this is very bad,neutral,negative,0.9606109261512756,0.9606109,0.02880836,0.010580681
doesnt work on the gs <number>,negative,negative,0.9476075768470764,0.9476076,0.042937316,0.009455088
too much ads not good for kids,neutral,neutral,0.6585851907730103,0.26984277,0.6585852,0.07157208
not working properly in android above <number> . <number>,positive,negative,0.9391834139823914,0.9391834,0.049312808,0.01150377
slow sometimes especially during video and audio calls. the app just hangs and stops working.,positive,neutral,0.7606838941574097,0.16259025,0.7606839,0.07672585
if i could alter the apps appearance to allow for inverted colour schemes i would give it <number> stars other than that this is a brilliant app.,positive,positive,0.8808233737945557,0.016196912,0.10297974,0.8808234
one of the <signature>,neutral,positive,0.9064738750457764,0.014515959,0.07901022,0.9064739
"it's not working for me, i'm using samsung tab <number> mini, it's asking for confirmation of date of birth",negative,negative,0.8408728241920471,0.8408728,0.13790546,0.021221716
"i can use other app meanwhile timer is running , so no use waste app",negative,neutral,0.6319693326950073,0.20544332,0.63196933,0.16258736
app is up to date and easy to read.,positive,positive,0.8479323983192444,0.016090037,0.1359776,0.8479324
"do not waste your time. if u think u can save the earth but no, you have to buy premium first to plant trees. absolute a waste timer",negative,negative,0.9613185524940491,0.96131855,0.028387776,0.010293642
sluggish compared to other pdf readers but renders well.,neutral,neutral,0.6217403411865234,0.02434782,0.62174034,0.35391188
"i don't need this, but i'm sure someone will need it.",positive,neutral,0.6459841132164001,0.12564097,0.6459841,0.22837493
"really fast, good and probably the <signature>",positive,positive,0.846216082572937,0.012300189,0.1414837,0.8462161
"my team, tired of waiting for a department driven initiative for collaboration tools, decided to start using this for ourselves. it's been a great experience so far - quicker responses, easy file sharing, organising social outings and reaching out to the whole team at once etc. the <signature>",positive,positive,0.9231641292572021,0.015300205,0.06153566,0.9231641
bad uploaded pic display,negative,negative,0.9230182766914368,0.9230183,0.0651603,0.0118214525
i like this app is very useful,neutral,positive,0.8889651894569397,0.012585389,0.09844941,0.8889652
"i was not able to open the app even after reinstalling it twice so instead i installed ""flip flop"" app which is also a similar app",negative,negative,0.7369205951690674,0.7369206,0.21759719,0.0454822
what's with all the new permissions?,negative,negative,0.8113479018211365,0.8113479,0.1587272,0.029924938
the new automatic markdown feature sucks!!! and you cannot turn it off,negative,negative,0.9094425439834595,0.90944254,0.07242163,0.018135838
now it use very long time for export photo.,negative,positive,0.7821934819221497,0.040897433,0.17690909,0.7821935
can't import pictures,negative,negative,0.6378332376480103,0.63783324,0.3230598,0.03910697
i love it but for some reason it doesn't work well on my samsung. if it worked better with my phone a higher rating,neutral,positive,0.7363318800926208,0.021881051,0.2417871,0.7363319
did more things to say and more holiday,neutral,positive,0.46881595253944397,0.09633247,0.43485153,0.46881595
can not open edited images on my galaxy note <number>,negative,negative,0.7536677718162537,0.7536678,0.22121955,0.025112627
the confirmation details is not shown on <number> rd party screen. not useful if i have to inform <number> rd party of the confirmation details.,neutral,neutral,0.7598618268966675,0.15245771,0.7598618,0.08768041
never sends the correct emoji.,negative,negative,0.6949702501296997,0.69497025,0.276493,0.028536662
please add save image setting,positive,neutral,0.5184923410415649,0.04809928,0.51849234,0.43340835
i cant run the app after new update!!!,neutral,negative,0.9657682776451111,0.9657683,0.024701994,0.009529818
ads thats the only thing spoiling this <url> bcz ads are source of income <url> lose this app the source ur getting ads,negative,negative,0.9310650825500488,0.9310651,0.05570249,0.013232471
i have had this app for a while and it works really well,negative,positive,0.885807454586029,0.015367202,0.09882531,0.88580745
mostly good except- sucks too much background data and not freindly to my battery . should shut itself down.,neutral,neutral,0.8100352883338928,0.025767492,0.8100353,0.1641973
"fairly accurate, wish the radar would update a little quicker",positive,positive,0.8102131485939026,0.010451786,0.17933506,0.81021315
what's up with it?,negative,negative,0.8448718190193176,0.8448718,0.13352461,0.021603629
up browser is <signature>,positive,positive,0.4078938961029053,0.21124305,0.3808631,0.4078939
nice app but i can't highlight my text i pressed that longer but it couldn't work please check this out,positive,neutral,0.6229992508888245,0.027841158,0.62299925,0.3491596
love it but the radar needs future time,positive,neutral,0.5738665461540222,0.050515417,0.57386655,0.37561804
itss ok but not good at <url>,neutral,neutral,0.8611434698104858,0.03554259,0.86114347,0.10331391
animation does not work. really disappointed. use everyday for work. moving on to the weather channel app. never fails.,negative,negative,0.9561778903007507,0.9561779,0.03430959,0.009512573
"maybe if the app followed material design guidelines, i would have rated it <number> stars. the controls are based on ios, so it's not easy to find your way, but overall it's a good photo app.",positive,positive,0.5306098461151123,0.020586997,0.44880322,0.53060985
new layout v <number>,positive,neutral,0.5366038084030151,0.20463473,0.5366038,0.25876144
it does not install,positive,negative,0.9647751450538635,0.96477515,0.025833664,0.009391208
"its amazing app, but unfortunately after the new updation the app forced to close when importing a new photo. so please fix that bug immediately",positive,positive,0.5265494585037231,0.02581961,0.44763097,0.52654946
try hotel tonight - $ <number> free,neutral,negative,0.5703362822532654,0.5703363,0.35651705,0.07314673
"it's like <number> stars for the app, <number> star for new booking assistant. god damn it, how the hell can i just answer the message i got from a property???!!! why do i need to see <number> questions of an assistant instead, that i can not delete and that just mess up all the dialog! hate it. really hate this feature! do like everything else though.",positive,negative,0.47454506158828735,0.47454506,0.42176452,0.10369044
been a good weather app for me! thumbs up!,positive,positive,0.5363669395446777,0.031404458,0.4322286,0.53636694
i guess it's <url>,positive,neutral,0.596843957901001,0.04679867,0.59684396,0.35635737
loved it before update,neutral,negative,0.5505400896072388,0.5505401,0.37909898,0.07036092
it is good news app but some improvement required in spelling and language.,positive,positive,0.7446536421775818,0.011731171,0.24361518,0.74465364
"as a frequent user , you should have few options as reward the client should choose between",positive,positive,0.6482042074203491,0.032182533,0.31961325,0.6482042
no bookmark or jump to <url> really annoying,negative,neutral,0.5514623522758484,0.39345938,0.55146235,0.055078264
app is <url> service sucks,neutral,negative,0.8529071807861328,0.8529072,0.11651945,0.030573385
i can't use web mobile in <url>,negative,negative,0.7808886170387268,0.7808886,0.18302098,0.036090415
the new button is super poopy.,negative,neutral,0.5764161944389343,0.09590713,0.5764162,0.32767668
"i love it, but desperately needs to save last <url> and place within that <url> a bookmarking function!",neutral,positive,0.7996904253959656,0.028772306,0.17153722,0.7996904
"simple to use,in a straight forward easy to understand format. <signature>",positive,positive,0.896609365940094,0.011692472,0.09169822,0.89660937
i saw no last minute rates as promised on the description.,negative,neutral,0.6270418167114258,0.26458856,0.6270418,0.10836961
if you browse like i do this is a must have. i rated it <number> stars before but now it is becoming a mess. you are killing its reputation with ads. i must wait for few seconds advert to finish before browsing.,neutral,negative,0.9453641176223755,0.9453641,0.04231803,0.01231793
the drawer is old,negative,neutral,0.5886520743370056,0.31627256,0.5886521,0.095075324
what a great messanger. you make us who separated a kilometers away can gather in one place. keep <url>,positive,negative,0.7178974747657776,0.7178975,0.24121194,0.040890597
add text option please,neutral,positive,0.7234828472137451,0.02140858,0.25510854,0.72348285
new logo looks like swastika maybe next time dev team will worked on app ram usage?,negative,neutral,0.6584753394126892,0.18582852,0.65847534,0.15569605
don't use. can't uninstall on tablet,neutral,negative,0.9528370499610901,0.95283705,0.038669437,0.008493454
fast but doesn't allow you to jump to pages no good for big ebooks,neutral,neutral,0.693905234336853,0.21476732,0.69390523,0.09132745
how can i make a video call??,positive,neutral,0.4810636639595032,0.07611439,0.48106366,0.44282198
easy to use and useful,positive,positive,0.9255351424217224,0.011792658,0.06267225,0.92553514
"i saw this app on engadget and was excited to try it. however, the hdr mode does not work on my phone. i have a samsung galaxy s <number> edge. it is listed as one of the phones that works but the option for hdr is not available on the drop-down menu.",neutral,neutral,0.7098031044006348,0.17477678,0.7098031,0.115420066
i was able to update and view my bookings very easily. very convenient.,positive,positive,0.9312220811843872,0.01102945,0.05774844,0.9312221
"it lost all my progress! i had the cat tree, octopus, etc",negative,negative,0.8186019062995911,0.8186019,0.15871993,0.022678152
best crashes ever!!!! worthless,negative,negative,0.9589974880218506,0.9589975,0.030188147,0.010814397
radar map never loads first try.,neutral,negative,0.910312294960022,0.9103123,0.07139345,0.018294288
"simple to the massage, i like bbm,cause i can see when the massage have delivered n read .",positive,positive,0.8578671813011169,0.014464048,0.12766872,0.8578672
its <url> make something <url>,neutral,neutral,0.5177926421165466,0.1804076,0.51779264,0.30179983
this is my favorite weather app to use. i've used it since i was a teenager. the only problem i have is that the hourly forecast is almost never right which is very inconvenient for me considering i work outside. on the bright side you can look at the radar and pretty much tell what what is gonna hit you.,neutral,positive,0.8818585276603699,0.014307671,0.10383376,0.8818585
cant connect to facebook,neutral,negative,0.9007354974746704,0.9007355,0.08652349,0.012741023
"i like it and think it's super cute and fun, but i wish it had more such as maybe tattoos or piercings and i wish you could create outfits instead of picking an outfit",positive,positive,0.8914483189582825,0.011093723,0.097458005,0.8914483
good for quick edits on the move,positive,positive,0.6044765710830688,0.015464448,0.38005897,0.6044766
why the almost daily updates?,neutral,neutral,0.6435988545417786,0.15041691,0.64359885,0.2059843
terrible. i don't need creative cloud!,negative,negative,0.9632471203804016,0.9632471,0.02594841,0.010804508
sign up form doesn't work and this app doesnt work without an adobe account so it was just a waste of time.,negative,negative,0.9672995209693909,0.9672995,0.023273064,0.00942752
love it but a problem?,positive,positive,0.5405208468437195,0.029788138,0.42969102,0.54052085
does what supposed to an as far as forcast go seems good,positive,neutral,0.6668249368667603,0.03986678,0.66682494,0.29330835
i can't import alot of my photos!,neutral,negative,0.8375273942947388,0.8375274,0.14120701,0.02126567
horrible pdf reader. there are much better alternatives.,negative,negative,0.9573319554328918,0.95733196,0.031880092,0.010787942
"it's great that it can read my truck's <number> , <number> page service manual right here on my phone; but i can't find anything if there is no search feature!!",neutral,positive,0.5272615551948547,0.021415181,0.45132327,0.52726156
it does logout of account after closing,positive,negative,0.49253860116004944,0.4925386,0.42673594,0.08072551
"love it. would be great if you could include options to dodge and burn images, too.",positive,positive,0.8852600455284119,0.014598839,0.100141145,0.88526005
i don't like that i can't attach to a text in gboard. i have to go through bitmoji to send in a text. it is easier to send in iphone and i can't do friendmojis,positive,neutral,0.6696114540100098,0.21167943,0.66961145,0.11870912
"does not work on the captivate at <url> very disapointed, it just says it has failed to read found files.",negative,negative,0.9459927678108215,0.94599277,0.045043025,0.008964187
it's an useful app,positive,positive,0.8352134227752686,0.010478171,0.15430845,0.8352134
is the white house in charge of it?,negative,negative,0.4135613441467285,0.41356134,0.40957162,0.17686707
weather automation doesn't work anymore so it's stupid,negative,negative,0.9200289845466614,0.920029,0.0674942,0.012476847
some times its just boarding,neutral,neutral,0.7733614444732666,0.08491322,0.77336144,0.14172536
i deplore pdfs of all kinds. <url> the only thing that can read a pdf. but this app does <url> it still sux,negative,neutral,0.6611021757125854,0.21012898,0.6611022,0.12876882
installs another app without warning,negative,negative,0.928638219833374,0.9286382,0.057189878,0.014171867
it's your app so you get to choose your logo. but this new one confusing my son that slack is a game and he is complaining i keep playing this game all the time but have no shame in denying his rights to play games eternally. ps: unable to view old items unless we pay is gross.,neutral,negative,0.8944651484489441,0.89446515,0.08865778,0.016877035
"other parties doin better ""reader n even writer"" than adobe!",negative,neutral,0.6236775517463684,0.11665086,0.62367755,0.2596716
takes too much time to load sometimes,positive,neutral,0.8194799423217773,0.09973512,0.81947994,0.08078491
it is an interesting app that uses a lot of memory. but great communication tool,neutral,positive,0.8869056105613708,0.011559617,0.101534754,0.8869056
it's amazing and faster then other <url>,neutral,positive,0.8784908652305603,0.01549587,0.106013276,0.87849087
best weather app out there until it stopped working. won't load anything now. please <url>,negative,positive,0.4910406172275543,0.03623544,0.47272387,0.49104062
will be much better if it has read out <url>,positive,neutral,0.6501348614692688,0.02826688,0.65013486,0.32159826
good overall but seems to have an issue of being unavailable or offline when other weather apps are working just fine providing the same info. <url> radar,positive,neutral,0.6046274900436401,0.018995587,0.6046275,0.37637696
does the camera support long exposure?,positive,neutral,0.678500771522522,0.05711212,0.6785008,0.26438704
i enjoy using it. i just have to play with it more to get more experience,positive,positive,0.8949922323226929,0.01596429,0.08904346,0.89499223
it helps me a lot,positive,positive,0.8772021532058716,0.012165958,0.110631876,0.87720215
not bad at all. great improvement.,positive,positive,0.8250167965888977,0.011765562,0.16321765,0.8250168
plenty of unnessary ads,negative,neutral,0.7260774374008179,0.13004704,0.72607744,0.1438755
the news feed so annoying please avoid this type of <url> or add a button for stop news <url>,negative,neutral,0.6807435750961304,0.23171093,0.6807436,0.08754552
can be a bit complicated and in your face but it does a good job and is well supported by venues.,positive,positive,0.7631579041481018,0.015345969,0.2214961,0.7631579
i liked it. no reply on mobile though.,positive,neutral,0.7535480856895447,0.15030563,0.7535481,0.0961463
"works perfectly with snapchat, i hope soon it has more goth/alternative outfits and options for piercings and ear spacers. love the new hair options!",positive,positive,0.9295735955238342,0.012808684,0.057617728,0.9295736
"it used to be a <number> star app but not every time i try to open it it crashes, please fix this asap",negative,negative,0.8746311068534851,0.8746311,0.106885955,0.01848287
where's the support?,negative,neutral,0.6220778226852417,0.18322438,0.6220778,0.19469778
i think nice but mobile hang krta h,neutral,positive,0.5868987441062927,0.020668026,0.3924333,0.58689874
please add fonts in this app to write . <signature>,neutral,positive,0.7480177283287048,0.033578996,0.21840326,0.7480177
"worked once, then has never worked again.",negative,negative,0.8788071274757385,0.8788071,0.10361369,0.01757917
fix the radar! what is taking so long? i'm very close to deleting this app for good. i doubt i'm alone!,negative,negative,0.8740546703338623,0.8740547,0.1038821,0.022063194
it is good aap for searching and downloading <url>,positive,positive,0.641492486000061,0.015075545,0.34343198,0.6414925
while controlling shutter speed whole app is getting freezed.,neutral,neutral,0.46885016560554504,0.45288488,0.46885017,0.07826496
"no full language support. what a shame, adobe.",negative,negative,0.9416712522506714,0.94167125,0.047653448,0.010675326
it's nice <url>,neutral,positive,0.5766570568084717,0.013077525,0.4102654,0.57665706
"this app is not at all what i had expected. it is very hard to use. at the beggining, you get small info about one fature of the app. once you start to use it, the purpose just gets confusing, how does the tree grow? is the time a stopclock, a timer, im so confused! please improve this app to be more user friendly!",negative,neutral,0.6035305261611938,0.053015493,0.6035305,0.34345403
lost status bar info,neutral,negative,0.5862119197845459,0.5862119,0.36347243,0.05031564
it was fine before i was forced to update.,neutral,neutral,0.5400742292404175,0.3867501,0.5400742,0.07317573
